Bill Number,Bill Docket,Bill Status,[HTML],[PDF],BillTitle,G-Status:,House Status:,Senate Status:,Next/Last Comm:,Next/Last Hearing:
,,,,,,,,,,
CACR1,http://gencourt.state.nh.us/bill_Status/bill_docket.aspx?lsr=0030&sy=2021&txtsessionyear=2021&sortoption=,http://gencourt.state.nh.us/bill_Status/bill_status.aspx?lsr=0030&sy=2021&txtsessionyear=2021&sortoption=,http://gencourt.state.nh.us/bill_Status/billText.aspx?sy=2021&id=26&txtFormat=html,http://gencourt.state.nh.us/bill_Status/billText.aspx?sy=2021&id=26&txtFormat=pdf&v=current,,HOUSE,,,HouseWays and Means,Time not specified
CACR2,http://gencourt.state.nh.us/bill_Status/bill_docket.aspx?lsr=0022&sy=2021&txtsessionyear=2021&sortoption=,http://gencourt.state.nh.us/bill_Status/bill_status.aspx?lsr=0022&sy=2021&txtsessionyear=2021&sortoption=,http://gencourt.state.nh.us/bill_Status/billText.aspx?sy=2021&id=24&txtFormat=html,http://gencourt.state.nh.us/bill_Status/billText.aspx?sy=2021&id=24&txtFormat=pdf&v=current,,HOUSE,,,HouseWays and Means,Time not specified
CACR3,http://gencourt.state.nh.us/bill_Status/bill_docket.aspx?lsr=0016&sy=2021&txtsessionyear=2021&sortoption=,http://gencourt.state.nh.us/bill_Status/bill_status.aspx?lsr=0016&sy=2021&txtsessionyear=2021&sortoption=,http://gencourt.state.nh.us/bill_Status/billText.aspx?sy=2021&id=19&txtFormat=html,http://gencourt.state.nh.us/bill_Status/billText.aspx?sy=2021&id=19&txtFormat=pdf&v=current,,HOUSE,,,HouseEducation,Time not specified
CACR3,http://gencourt.state.nh.us/bill_Status/bill_docket.aspx?lsr=0016&sy=2021&txtsessionyear=2021&sortoption=,http://gencourt.state.nh.us/bill_Status/bill_status.aspx?lsr=0016&sy=2021&txtsessionyear=2021&sortoption=,http://gencourt.state.nh.us/bill_Status/billText.aspx?sy=2021&id=19&txtFormat=html,http://gencourt.state.nh.us/bill_Status/billText.aspx?sy=2021&id=19&txtFormat=pdf&v=current,,HOUSE,,,HouseEducation,Time not specified
CACR4,http://gencourt.state.nh.us/bill_Status/bill_docket.aspx?lsr=0126&sy=2021&txtsessionyear=2021&sortoption=,http://gencourt.state.nh.us/bill_Status/bill_status.aspx?lsr=0126&sy=2021&txtsessionyear=2021&sortoption=,http://gencourt.state.nh.us/bill_Status/billText.aspx?sy=2021&id=119&txtFormat=html,http://gencourt.state.nh.us/bill_Status/billText.aspx?sy=2021&id=119&txtFormat=pdf&v=current,,HOUSE,,,HouseElection Law,Time not specified
CACR5,http://gencourt.state.nh.us/bill_Status/bill_docket.aspx?lsr=0140&sy=2021&txtsessionyear=2021&sortoption=,http://gencourt.state.nh.us/bill_Status/bill_status.aspx?lsr=0140&sy=2021&txtsessionyear=2021&sortoption=,http://gencourt.state.nh.us/bill_Status/billText.aspx?sy=2021&id=136&txtFormat=html,http://gencourt.state.nh.us/bill_Status/billText.aspx?sy=2021&id=136&txtFormat=pdf&v=current,,HOUSE,,,HouseLegislative Administration,Time not specified
"HB10

									-FN",http://gencourt.state.nh.us/bill_Status/bill_docket.aspx?lsr=0017&sy=2021&txtsessionyear=2021&sortoption=,http://gencourt.state.nh.us/bill_Status/bill_status.aspx?lsr=0017&sy=2021&txtsessionyear=2021&sortoption=,http://gencourt.state.nh.us/bill_Status/billText.aspx?sy=2021&id=18&txtFormat=html,http://gencourt.state.nh.us/bill_Status/billText.aspx?sy=2021&id=18&txtFormat=pdf&v=current,,HOUSE,,,HouseWays and Means,Time not specified
HB60,http://gencourt.state.nh.us/bill_Status/bill_docket.aspx?lsr=0003&sy=2021&txtsessionyear=2021&sortoption=,http://gencourt.state.nh.us/bill_Status/bill_status.aspx?lsr=0003&sy=2021&txtsessionyear=2021&sortoption=,http://gencourt.state.nh.us/bill_Status/billText.aspx?sy=2021&id=4&txtFormat=html,http://gencourt.state.nh.us/bill_Status/billText.aspx?sy=2021&id=4&txtFormat=pdf&v=current,,HOUSE,,,HouseChildren and Family Law,Time not specified
HB61,http://gencourt.state.nh.us/bill_Status/bill_docket.aspx?lsr=0040&sy=2021&txtsessionyear=2021&sortoption=,http://gencourt.state.nh.us/bill_Status/bill_status.aspx?lsr=0040&sy=2021&txtsessionyear=2021&sortoption=,http://gencourt.state.nh.us/bill_Status/billText.aspx?sy=2021&id=42&txtFormat=html,http://gencourt.state.nh.us/bill_Status/billText.aspx?sy=2021&id=42&txtFormat=pdf&v=current,,HOUSE,,,HouseElection Law,Time not specified
"HB62

									-FN",http://gencourt.state.nh.us/bill_Status/bill_docket.aspx?lsr=0010&sy=2021&txtsessionyear=2021&sortoption=,http://gencourt.state.nh.us/bill_Status/bill_status.aspx?lsr=0010&sy=2021&txtsessionyear=2021&sortoption=,http://gencourt.state.nh.us/bill_Status/billText.aspx?sy=2021&id=12&txtFormat=html,http://gencourt.state.nh.us/bill_Status/billText.aspx?sy=2021&id=12&txtFormat=pdf&v=current,,HOUSE,,,HouseCommerce and Consumer Affairs,Time not specified
"HB63

									-FN-A",http://gencourt.state.nh.us/bill_Status/bill_docket.aspx?lsr=0002&sy=2021&txtsessionyear=2021&sortoption=,http://gencourt.state.nh.us/bill_Status/bill_status.aspx?lsr=0002&sy=2021&txtsessionyear=2021&sortoption=,http://gencourt.state.nh.us/bill_Status/billText.aspx?sy=2021&id=2&txtFormat=html,http://gencourt.state.nh.us/bill_Status/billText.aspx?sy=2021&id=2&txtFormat=pdf&v=current,,HOUSE,,,HouseCriminal Justice and Public Safety,Time not specified
"HB64

									-L",http://gencourt.state.nh.us/bill_Status/bill_docket.aspx?lsr=0044&sy=2021&txtsessionyear=2021&sortoption=,http://gencourt.state.nh.us/bill_Status/bill_status.aspx?lsr=0044&sy=2021&txtsessionyear=2021&sortoption=,http://gencourt.state.nh.us/bill_Status/billText.aspx?sy=2021&id=48&txtFormat=html,http://gencourt.state.nh.us/bill_Status/billText.aspx?sy=2021&id=48&txtFormat=pdf&v=current,,HOUSE,,,HouseMunicipal and County Government,Time not specified
HB65,http://gencourt.state.nh.us/bill_Status/bill_docket.aspx?lsr=0041&sy=2021&txtsessionyear=2021&sortoption=,http://gencourt.state.nh.us/bill_Status/bill_status.aspx?lsr=0041&sy=2021&txtsessionyear=2021&sortoption=,http://gencourt.state.nh.us/bill_Status/billText.aspx?sy=2021&id=41&txtFormat=html,http://gencourt.state.nh.us/bill_Status/billText.aspx?sy=2021&id=41&txtFormat=pdf&v=current,,HOUSE,,,HouseCommerce and Consumer Affairs,Time not specified
HB66,http://gencourt.state.nh.us/bill_Status/bill_docket.aspx?lsr=0026&sy=2021&txtsessionyear=2021&sortoption=,http://gencourt.state.nh.us/bill_Status/bill_status.aspx?lsr=0026&sy=2021&txtsessionyear=2021&sortoption=,http://gencourt.state.nh.us/bill_Status/billText.aspx?sy=2021&id=30&txtFormat=html,http://gencourt.state.nh.us/bill_Status/billText.aspx?sy=2021&id=30&txtFormat=pdf&v=current,,HOUSE,,,HouseCriminal Justice and Public Safety,Time not specified
"HB67

									-L",http://gencourt.state.nh.us/bill_Status/bill_docket.aspx?lsr=0007&sy=2021&txtsessionyear=2021&sortoption=,http://gencourt.state.nh.us/bill_Status/bill_status.aspx?lsr=0007&sy=2021&txtsessionyear=2021&sortoption=,http://gencourt.state.nh.us/bill_Status/billText.aspx?sy=2021&id=5&txtFormat=html,http://gencourt.state.nh.us/bill_Status/billText.aspx?sy=2021&id=5&txtFormat=pdf&v=current,,HOUSE,,,HouseMunicipal and County Government,Time not specified
HB68,http://gencourt.state.nh.us/bill_Status/bill_docket.aspx?lsr=0013&sy=2021&txtsessionyear=2021&sortoption=,http://gencourt.state.nh.us/bill_Status/bill_status.aspx?lsr=0013&sy=2021&txtsessionyear=2021&sortoption=,http://gencourt.state.nh.us/bill_Status/billText.aspx?sy=2021&id=9&txtFormat=html,http://gencourt.state.nh.us/bill_Status/billText.aspx?sy=2021&id=9&txtFormat=pdf&v=current,,HOUSE,,,HouseChildren and Family Law,Time not specified
HB69,http://gencourt.state.nh.us/bill_Status/bill_docket.aspx?lsr=0028&sy=2021&txtsessionyear=2021&sortoption=,http://gencourt.state.nh.us/bill_Status/bill_status.aspx?lsr=0028&sy=2021&txtsessionyear=2021&sortoption=,http://gencourt.state.nh.us/bill_Status/billText.aspx?sy=2021&id=28&txtFormat=html,http://gencourt.state.nh.us/bill_Status/billText.aspx?sy=2021&id=28&txtFormat=pdf&v=current,,HOUSE,,,HouseEducation,Time not specified
HB70,http://gencourt.state.nh.us/bill_Status/bill_docket.aspx?lsr=0025&sy=2021&txtsessionyear=2021&sortoption=,http://gencourt.state.nh.us/bill_Status/bill_status.aspx?lsr=0025&sy=2021&txtsessionyear=2021&sortoption=,http://gencourt.state.nh.us/bill_Status/billText.aspx?sy=2021&id=21&txtFormat=html,http://gencourt.state.nh.us/bill_Status/billText.aspx?sy=2021&id=21&txtFormat=pdf&v=current,,HOUSE,,,HouseExecutive Departments and Administration,Time not specified
HB71,http://gencourt.state.nh.us/bill_Status/bill_docket.aspx?lsr=0042&sy=2021&txtsessionyear=2021&sortoption=,http://gencourt.state.nh.us/bill_Status/bill_status.aspx?lsr=0042&sy=2021&txtsessionyear=2021&sortoption=,http://gencourt.state.nh.us/bill_Status/billText.aspx?sy=2021&id=40&txtFormat=html,http://gencourt.state.nh.us/bill_Status/billText.aspx?sy=2021&id=40&txtFormat=pdf&v=current,,HOUSE,,,HouseEducation,Time not specified
HB72,http://gencourt.state.nh.us/bill_Status/bill_docket.aspx?lsr=0031&sy=2021&txtsessionyear=2021&sortoption=,http://gencourt.state.nh.us/bill_Status/bill_status.aspx?lsr=0031&sy=2021&txtsessionyear=2021&sortoption=,http://gencourt.state.nh.us/bill_Status/billText.aspx?sy=2021&id=35&txtFormat=html,http://gencourt.state.nh.us/bill_Status/billText.aspx?sy=2021&id=35&txtFormat=pdf&v=current,,HOUSE,,,HouseExecutive Departments and Administration,Time not specified
HB73,http://gencourt.state.nh.us/bill_Status/bill_docket.aspx?lsr=0045&sy=2021&txtsessionyear=2021&sortoption=,http://gencourt.state.nh.us/bill_Status/bill_status.aspx?lsr=0045&sy=2021&txtsessionyear=2021&sortoption=,http://gencourt.state.nh.us/bill_Status/billText.aspx?sy=2021&id=47&txtFormat=html,http://gencourt.state.nh.us/bill_Status/billText.aspx?sy=2021&id=47&txtFormat=pdf&v=current,,HOUSE,,,HouseEnvironment and Agriculture,Time not specified
"HB74

									-FN",http://gencourt.state.nh.us/bill_Status/bill_docket.aspx?lsr=0047&sy=2021&txtsessionyear=2021&sortoption=,http://gencourt.state.nh.us/bill_Status/bill_status.aspx?lsr=0047&sy=2021&txtsessionyear=2021&sortoption=,http://gencourt.state.nh.us/bill_Status/billText.aspx?sy=2021&id=45&txtFormat=html,http://gencourt.state.nh.us/bill_Status/billText.aspx?sy=2021&id=45&txtFormat=pdf&v=current,,HOUSE,,,HousePublic Works and Highways,Time not specified
HB75,http://gencourt.state.nh.us/bill_Status/bill_docket.aspx?lsr=0032&sy=2021&txtsessionyear=2021&sortoption=,http://gencourt.state.nh.us/bill_Status/bill_status.aspx?lsr=0032&sy=2021&txtsessionyear=2021&sortoption=,http://gencourt.state.nh.us/bill_Status/billText.aspx?sy=2021&id=34&txtFormat=html,http://gencourt.state.nh.us/bill_Status/billText.aspx?sy=2021&id=34&txtFormat=pdf&v=current,,HOUSE,,,"HouseHealth, Human Services and Elderly Affairs",Time not specified
"HB76

									-FN",http://gencourt.state.nh.us/bill_Status/bill_docket.aspx?lsr=0024&sy=2021&txtsessionyear=2021&sortoption=,http://gencourt.state.nh.us/bill_Status/bill_status.aspx?lsr=0024&sy=2021&txtsessionyear=2021&sortoption=,http://gencourt.state.nh.us/bill_Status/billText.aspx?sy=2021&id=22&txtFormat=html,http://gencourt.state.nh.us/bill_Status/billText.aspx?sy=2021&id=22&txtFormat=pdf&v=current,,HOUSE,,,HouseCommerce and Consumer Affairs,Time not specified
HB77,http://gencourt.state.nh.us/bill_Status/bill_docket.aspx?lsr=0018&sy=2021&txtsessionyear=2021&sortoption=,http://gencourt.state.nh.us/bill_Status/bill_status.aspx?lsr=0018&sy=2021&txtsessionyear=2021&sortoption=,http://gencourt.state.nh.us/bill_Status/billText.aspx?sy=2021&id=17&txtFormat=html,http://gencourt.state.nh.us/bill_Status/billText.aspx?sy=2021&id=17&txtFormat=pdf&v=current,,HOUSE,,,HouseElection Law,Time not specified
HB78,http://gencourt.state.nh.us/bill_Status/bill_docket.aspx?lsr=0008&sy=2021&txtsessionyear=2021&sortoption=,http://gencourt.state.nh.us/bill_Status/bill_status.aspx?lsr=0008&sy=2021&txtsessionyear=2021&sortoption=,http://gencourt.state.nh.us/bill_Status/billText.aspx?sy=2021&id=14&txtFormat=html,http://gencourt.state.nh.us/bill_Status/billText.aspx?sy=2021&id=14&txtFormat=pdf&v=current,,HOUSE,,,HouseTransportation,Time not specified
HB79,http://gencourt.state.nh.us/bill_Status/bill_docket.aspx?lsr=0037&sy=2021&txtsessionyear=2021&sortoption=,http://gencourt.state.nh.us/bill_Status/bill_status.aspx?lsr=0037&sy=2021&txtsessionyear=2021&sortoption=,http://gencourt.state.nh.us/bill_Status/billText.aspx?sy=2021&id=37&txtFormat=html,http://gencourt.state.nh.us/bill_Status/billText.aspx?sy=2021&id=37&txtFormat=pdf&v=current,,HOUSE,,,HouseMunicipal and County Government,Time not specified
HB80,http://gencourt.state.nh.us/bill_Status/bill_docket.aspx?lsr=0038&sy=2021&txtsessionyear=2021&sortoption=,http://gencourt.state.nh.us/bill_Status/bill_status.aspx?lsr=0038&sy=2021&txtsessionyear=2021&sortoption=,http://gencourt.state.nh.us/bill_Status/billText.aspx?sy=2021&id=36&txtFormat=html,http://gencourt.state.nh.us/bill_Status/billText.aspx?sy=2021&id=36&txtFormat=pdf&v=current,,HOUSE,,,"HouseScience, Technology and Energy",Time not specified
HB81,http://gencourt.state.nh.us/bill_Status/bill_docket.aspx?lsr=0027&sy=2021&txtsessionyear=2021&sortoption=,http://gencourt.state.nh.us/bill_Status/bill_status.aspx?lsr=0027&sy=2021&txtsessionyear=2021&sortoption=,http://gencourt.state.nh.us/bill_Status/billText.aspx?sy=2021&id=29&txtFormat=html,http://gencourt.state.nh.us/bill_Status/billText.aspx?sy=2021&id=29&txtFormat=pdf&v=current,,HOUSE,,,HouseCriminal Justice and Public Safety,Time not specified
HB82,http://gencourt.state.nh.us/bill_Status/bill_docket.aspx?lsr=0065&sy=2021&txtsessionyear=2021&sortoption=,http://gencourt.state.nh.us/bill_Status/bill_status.aspx?lsr=0065&sy=2021&txtsessionyear=2021&sortoption=,http://gencourt.state.nh.us/bill_Status/billText.aspx?sy=2021&id=64&txtFormat=html,http://gencourt.state.nh.us/bill_Status/billText.aspx?sy=2021&id=64&txtFormat=pdf&v=current,,HOUSE,,,HouseJudiciary,Time not specified
HB83,http://gencourt.state.nh.us/bill_Status/bill_docket.aspx?lsr=0060&sy=2021&txtsessionyear=2021&sortoption=,http://gencourt.state.nh.us/bill_Status/bill_status.aspx?lsr=0060&sy=2021&txtsessionyear=2021&sortoption=,http://gencourt.state.nh.us/bill_Status/billText.aspx?sy=2021&id=62&txtFormat=html,http://gencourt.state.nh.us/bill_Status/billText.aspx?sy=2021&id=62&txtFormat=pdf&v=current,,HOUSE,,,HouseJudiciary,Time not specified
HB84,http://gencourt.state.nh.us/bill_Status/bill_docket.aspx?lsr=0155&sy=2021&txtsessionyear=2021&sortoption=,http://gencourt.state.nh.us/bill_Status/bill_status.aspx?lsr=0155&sy=2021&txtsessionyear=2021&sortoption=,http://gencourt.state.nh.us/bill_Status/billText.aspx?sy=2021&id=150&txtFormat=html,http://gencourt.state.nh.us/bill_Status/billText.aspx?sy=2021&id=150&txtFormat=pdf&v=current,,HOUSE,,,HouseExecutive Departments and Administration,Time not specified
HB85,http://gencourt.state.nh.us/bill_Status/bill_docket.aspx?lsr=0211&sy=2021&txtsessionyear=2021&sortoption=,http://gencourt.state.nh.us/bill_Status/bill_status.aspx?lsr=0211&sy=2021&txtsessionyear=2021&sortoption=,http://gencourt.state.nh.us/bill_Status/billText.aspx?sy=2021&id=222&txtFormat=html,http://gencourt.state.nh.us/bill_Status/billText.aspx?sy=2021&id=222&txtFormat=pdf&v=current,,HOUSE,,,HouseExecutive Departments and Administration,Time not specified
HB87,http://gencourt.state.nh.us/bill_Status/bill_docket.aspx?lsr=0200&sy=2021&txtsessionyear=2021&sortoption=,http://gencourt.state.nh.us/bill_Status/bill_status.aspx?lsr=0200&sy=2021&txtsessionyear=2021&sortoption=,http://gencourt.state.nh.us/bill_Status/billText.aspx?sy=2021&id=191&txtFormat=html,http://gencourt.state.nh.us/bill_Status/billText.aspx?sy=2021&id=191&txtFormat=pdf&v=current,,HOUSE,,,HouseElection Law,Time not specified
HB88,http://gencourt.state.nh.us/bill_Status/bill_docket.aspx?lsr=0098&sy=2021&txtsessionyear=2021&sortoption=,http://gencourt.state.nh.us/bill_Status/bill_status.aspx?lsr=0098&sy=2021&txtsessionyear=2021&sortoption=,http://gencourt.state.nh.us/bill_Status/billText.aspx?sy=2021&id=98&txtFormat=html,http://gencourt.state.nh.us/bill_Status/billText.aspx?sy=2021&id=98&txtFormat=pdf&v=current,,HOUSE,,,HouseMunicipal and County Government,Time not specified
"HB89

									-FN",http://gencourt.state.nh.us/bill_Status/bill_docket.aspx?lsr=0084&sy=2021&txtsessionyear=2021&sortoption=,http://gencourt.state.nh.us/bill_Status/bill_status.aspx?lsr=0084&sy=2021&txtsessionyear=2021&sortoption=,http://gencourt.state.nh.us/bill_Status/billText.aspx?sy=2021&id=83&txtFormat=html,http://gencourt.state.nh.us/bill_Status/billText.aspx?sy=2021&id=83&txtFormat=pdf&v=current,,HOUSE,,,"HouseHealth, Human Services and Elderly Affairs",Time not specified
HB90,http://gencourt.state.nh.us/bill_Status/bill_docket.aspx?lsr=0085&sy=2021&txtsessionyear=2021&sortoption=,http://gencourt.state.nh.us/bill_Status/bill_status.aspx?lsr=0085&sy=2021&txtsessionyear=2021&sortoption=,http://gencourt.state.nh.us/bill_Status/billText.aspx?sy=2021&id=82&txtFormat=html,http://gencourt.state.nh.us/bill_Status/billText.aspx?sy=2021&id=82&txtFormat=pdf&v=current,,HOUSE,,,"HouseHealth, Human Services and Elderly Affairs",Time not specified
HB90,http://gencourt.state.nh.us/bill_Status/bill_docket.aspx?lsr=0085&sy=2021&txtsessionyear=2021&sortoption=,http://gencourt.state.nh.us/bill_Status/bill_status.aspx?lsr=0085&sy=2021&txtsessionyear=2021&sortoption=,http://gencourt.state.nh.us/bill_Status/billText.aspx?sy=2021&id=82&txtFormat=html,http://gencourt.state.nh.us/bill_Status/billText.aspx?sy=2021&id=82&txtFormat=pdf&v=current,,HOUSE,,,"HouseHealth, Human Services and Elderly Affairs",Time not specified
"HB91

									-FN",http://gencourt.state.nh.us/bill_Status/bill_docket.aspx?lsr=0330&sy=2021&txtsessionyear=2021&sortoption=,http://gencourt.state.nh.us/bill_Status/bill_status.aspx?lsr=0330&sy=2021&txtsessionyear=2021&sortoption=,http://gencourt.state.nh.us/bill_Status/billText.aspx?sy=2021&id=322&txtFormat=html,http://gencourt.state.nh.us/bill_Status/billText.aspx?sy=2021&id=322&txtFormat=pdf&v=current,,HOUSE,,,HouseExecutive Departments and Administration,Time not specified
HB92,http://gencourt.state.nh.us/bill_Status/bill_docket.aspx?lsr=0294&sy=2021&txtsessionyear=2021&sortoption=,http://gencourt.state.nh.us/bill_Status/bill_status.aspx?lsr=0294&sy=2021&txtsessionyear=2021&sortoption=,http://gencourt.state.nh.us/bill_Status/billText.aspx?sy=2021&id=297&txtFormat=html,http://gencourt.state.nh.us/bill_Status/billText.aspx?sy=2021&id=297&txtFormat=pdf&v=current,,HOUSE,,,HouseCommerce and Consumer Affairs,Time not specified
"HB93

									-FN",http://gencourt.state.nh.us/bill_Status/bill_docket.aspx?lsr=0137&sy=2021&txtsessionyear=2021&sortoption=,http://gencourt.state.nh.us/bill_Status/bill_status.aspx?lsr=0137&sy=2021&txtsessionyear=2021&sortoption=,http://gencourt.state.nh.us/bill_Status/billText.aspx?sy=2021&id=139&txtFormat=html,http://gencourt.state.nh.us/bill_Status/billText.aspx?sy=2021&id=139&txtFormat=pdf&v=current,,HOUSE,,,HouseCriminal Justice and Public Safety,Time not specified
"HB94

									-FN",http://gencourt.state.nh.us/bill_Status/bill_docket.aspx?lsr=0139&sy=2021&txtsessionyear=2021&sortoption=,http://gencourt.state.nh.us/bill_Status/bill_status.aspx?lsr=0139&sy=2021&txtsessionyear=2021&sortoption=,http://gencourt.state.nh.us/bill_Status/billText.aspx?sy=2021&id=137&txtFormat=html,http://gencourt.state.nh.us/bill_Status/billText.aspx?sy=2021&id=137&txtFormat=pdf&v=current,,HOUSE,,,HouseExecutive Departments and Administration,Time not specified
"HB95

									-FN",http://gencourt.state.nh.us/bill_Status/bill_docket.aspx?lsr=0072&sy=2021&txtsessionyear=2021&sortoption=,http://gencourt.state.nh.us/bill_Status/bill_status.aspx?lsr=0072&sy=2021&txtsessionyear=2021&sortoption=,http://gencourt.state.nh.us/bill_Status/billText.aspx?sy=2021&id=73&txtFormat=html,http://gencourt.state.nh.us/bill_Status/billText.aspx?sy=2021&id=73&txtFormat=pdf&v=current,,HOUSE,,,HouseEnvironment and Agriculture,Time not specified
"HB96

									-FN-A",http://gencourt.state.nh.us/bill_Status/bill_docket.aspx?lsr=0061&sy=2021&txtsessionyear=2021&sortoption=,http://gencourt.state.nh.us/bill_Status/bill_status.aspx?lsr=0061&sy=2021&txtsessionyear=2021&sortoption=,http://gencourt.state.nh.us/bill_Status/billText.aspx?sy=2021&id=61&txtFormat=html,http://gencourt.state.nh.us/bill_Status/billText.aspx?sy=2021&id=61&txtFormat=pdf&v=current,,HOUSE,,,HouseEducation,Time not specified
HB97,http://gencourt.state.nh.us/bill_Status/bill_docket.aspx?lsr=0107&sy=2021&txtsessionyear=2021&sortoption=,http://gencourt.state.nh.us/bill_Status/bill_status.aspx?lsr=0107&sy=2021&txtsessionyear=2021&sortoption=,http://gencourt.state.nh.us/bill_Status/billText.aspx?sy=2021&id=107&txtFormat=html,http://gencourt.state.nh.us/bill_Status/billText.aspx?sy=2021&id=107&txtFormat=pdf&v=current,,HOUSE,,,HouseElection Law,Time not specified
HB98,http://gencourt.state.nh.us/bill_Status/bill_docket.aspx?lsr=0215&sy=2021&txtsessionyear=2021&sortoption=,http://gencourt.state.nh.us/bill_Status/bill_status.aspx?lsr=0215&sy=2021&txtsessionyear=2021&sortoption=,http://gencourt.state.nh.us/bill_Status/billText.aspx?sy=2021&id=218&txtFormat=html,http://gencourt.state.nh.us/bill_Status/billText.aspx?sy=2021&id=218&txtFormat=pdf&v=current,,HOUSE,,,HouseElection Law,Time not specified
HB99,http://gencourt.state.nh.us/bill_Status/bill_docket.aspx?lsr=0108&sy=2021&txtsessionyear=2021&sortoption=,http://gencourt.state.nh.us/bill_Status/bill_status.aspx?lsr=0108&sy=2021&txtsessionyear=2021&sortoption=,http://gencourt.state.nh.us/bill_Status/billText.aspx?sy=2021&id=106&txtFormat=html,http://gencourt.state.nh.us/bill_Status/billText.aspx?sy=2021&id=106&txtFormat=pdf&v=current,,HOUSE,,,"HouseResources, Recreation and Development",Time not specified
HB101,http://gencourt.state.nh.us/bill_Status/bill_docket.aspx?lsr=0101&sy=2021&txtsessionyear=2021&sortoption=,http://gencourt.state.nh.us/bill_Status/bill_status.aspx?lsr=0101&sy=2021&txtsessionyear=2021&sortoption=,http://gencourt.state.nh.us/bill_Status/billText.aspx?sy=2021&id=100&txtFormat=html,http://gencourt.state.nh.us/bill_Status/billText.aspx?sy=2021&id=100&txtFormat=pdf&v=current,,HOUSE,,,HouseMunicipal and County Government,Time not specified
HB102,http://gencourt.state.nh.us/bill_Status/bill_docket.aspx?lsr=0078&sy=2021&txtsessionyear=2021&sortoption=,http://gencourt.state.nh.us/bill_Status/bill_status.aspx?lsr=0078&sy=2021&txtsessionyear=2021&sortoption=,http://gencourt.state.nh.us/bill_Status/billText.aspx?sy=2021&id=78&txtFormat=html,http://gencourt.state.nh.us/bill_Status/billText.aspx?sy=2021&id=78&txtFormat=pdf&v=current,,HOUSE,,,HouseWays and Means,Time not specified
HB103,http://gencourt.state.nh.us/bill_Status/bill_docket.aspx?lsr=0069&sy=2021&txtsessionyear=2021&sortoption=,http://gencourt.state.nh.us/bill_Status/bill_status.aspx?lsr=0069&sy=2021&txtsessionyear=2021&sortoption=,http://gencourt.state.nh.us/bill_Status/billText.aspx?sy=2021&id=76&txtFormat=html,http://gencourt.state.nh.us/bill_Status/billText.aspx?sy=2021&id=76&txtFormat=pdf&v=current,,HOUSE,,,"HouseHealth, Human Services and Elderly Affairs",Time not specified
HB104,http://gencourt.state.nh.us/bill_Status/bill_docket.aspx?lsr=0071&sy=2021&txtsessionyear=2021&sortoption=,http://gencourt.state.nh.us/bill_Status/bill_status.aspx?lsr=0071&sy=2021&txtsessionyear=2021&sortoption=,http://gencourt.state.nh.us/bill_Status/billText.aspx?sy=2021&id=74&txtFormat=html,http://gencourt.state.nh.us/bill_Status/billText.aspx?sy=2021&id=74&txtFormat=pdf&v=current,,HOUSE,,,HouseTransportation,Time not specified
HB105,http://gencourt.state.nh.us/bill_Status/bill_docket.aspx?lsr=0058&sy=2021&txtsessionyear=2021&sortoption=,http://gencourt.state.nh.us/bill_Status/bill_status.aspx?lsr=0058&sy=2021&txtsessionyear=2021&sortoption=,http://gencourt.state.nh.us/bill_Status/billText.aspx?sy=2021&id=54&txtFormat=html,http://gencourt.state.nh.us/bill_Status/billText.aspx?sy=2021&id=54&txtFormat=pdf&v=current,,HOUSE,,,HouseElection Law,Time not specified
HB106,http://gencourt.state.nh.us/bill_Status/bill_docket.aspx?lsr=0046&sy=2021&txtsessionyear=2021&sortoption=,http://gencourt.state.nh.us/bill_Status/bill_status.aspx?lsr=0046&sy=2021&txtsessionyear=2021&sortoption=,http://gencourt.state.nh.us/bill_Status/billText.aspx?sy=2021&id=46&txtFormat=html,http://gencourt.state.nh.us/bill_Status/billText.aspx?sy=2021&id=46&txtFormat=pdf&v=current,,HOUSE,,,"HouseScience, Technology and Energy",Time not specified
HB107,http://gencourt.state.nh.us/bill_Status/bill_docket.aspx?lsr=0404&sy=2021&txtsessionyear=2021&sortoption=,http://gencourt.state.nh.us/bill_Status/bill_status.aspx?lsr=0404&sy=2021&txtsessionyear=2021&sortoption=,http://gencourt.state.nh.us/bill_Status/billText.aspx?sy=2021&id=397&txtFormat=html,http://gencourt.state.nh.us/bill_Status/billText.aspx?sy=2021&id=397&txtFormat=pdf&v=current,,HOUSE,,,"HouseLabor, Industrial and Rehabilitative Services",Time not specified
"HB108

									-FN-L",http://gencourt.state.nh.us/bill_Status/bill_docket.aspx?lsr=0315&sy=2021&txtsessionyear=2021&sortoption=,http://gencourt.state.nh.us/bill_Status/bill_status.aspx?lsr=0315&sy=2021&txtsessionyear=2021&sortoption=,http://gencourt.state.nh.us/bill_Status/billText.aspx?sy=2021&id=316&txtFormat=html,http://gencourt.state.nh.us/bill_Status/billText.aspx?sy=2021&id=316&txtFormat=pdf&v=current,,HOUSE,,,HouseJudiciary,Time not specified
HB109,http://gencourt.state.nh.us/bill_Status/bill_docket.aspx?lsr=0311&sy=2021&txtsessionyear=2021&sortoption=,http://gencourt.state.nh.us/bill_Status/bill_status.aspx?lsr=0311&sy=2021&txtsessionyear=2021&sortoption=,http://gencourt.state.nh.us/bill_Status/billText.aspx?sy=2021&id=303&txtFormat=html,http://gencourt.state.nh.us/bill_Status/billText.aspx?sy=2021&id=303&txtFormat=pdf&v=current,,HOUSE,,,HouseCommerce and Consumer Affairs,Time not specified
HB110,http://gencourt.state.nh.us/bill_Status/bill_docket.aspx?lsr=0077&sy=2021&txtsessionyear=2021&sortoption=,http://gencourt.state.nh.us/bill_Status/bill_status.aspx?lsr=0077&sy=2021&txtsessionyear=2021&sortoption=,http://gencourt.state.nh.us/bill_Status/billText.aspx?sy=2021&id=68&txtFormat=html,http://gencourt.state.nh.us/bill_Status/billText.aspx?sy=2021&id=68&txtFormat=pdf&v=current,,HOUSE,,,HouseEducation,Time not specified
HB111,http://gencourt.state.nh.us/bill_Status/bill_docket.aspx?lsr=0089&sy=2021&txtsessionyear=2021&sortoption=,http://gencourt.state.nh.us/bill_Status/bill_status.aspx?lsr=0089&sy=2021&txtsessionyear=2021&sortoption=,http://gencourt.state.nh.us/bill_Status/billText.aspx?sy=2021&id=89&txtFormat=html,http://gencourt.state.nh.us/bill_Status/billText.aspx?sy=2021&id=89&txtFormat=pdf&v=current,,HOUSE,,,HouseJudiciary,Time not specified
HB113,http://gencourt.state.nh.us/bill_Status/bill_docket.aspx?lsr=0197&sy=2021&txtsessionyear=2021&sortoption=,http://gencourt.state.nh.us/bill_Status/bill_status.aspx?lsr=0197&sy=2021&txtsessionyear=2021&sortoption=,http://gencourt.state.nh.us/bill_Status/billText.aspx?sy=2021&id=194&txtFormat=html,http://gencourt.state.nh.us/bill_Status/billText.aspx?sy=2021&id=194&txtFormat=pdf&v=current,,HOUSE,,,"HouseLabor, Industrial and Rehabilitative Services",Time not specified
"HB114

									-FN",http://gencourt.state.nh.us/bill_Status/bill_docket.aspx?lsr=0079&sy=2021&txtsessionyear=2021&sortoption=,http://gencourt.state.nh.us/bill_Status/bill_status.aspx?lsr=0079&sy=2021&txtsessionyear=2021&sortoption=,http://gencourt.state.nh.us/bill_Status/billText.aspx?sy=2021&id=81&txtFormat=html,http://gencourt.state.nh.us/bill_Status/billText.aspx?sy=2021&id=81&txtFormat=pdf&v=current,,HOUSE,,,HousePublic Works and Highways,Time not specified
HB115,http://gencourt.state.nh.us/bill_Status/bill_docket.aspx?lsr=0088&sy=2021&txtsessionyear=2021&sortoption=,http://gencourt.state.nh.us/bill_Status/bill_status.aspx?lsr=0088&sy=2021&txtsessionyear=2021&sortoption=,http://gencourt.state.nh.us/bill_Status/billText.aspx?sy=2021&id=86&txtFormat=html,http://gencourt.state.nh.us/bill_Status/billText.aspx?sy=2021&id=86&txtFormat=pdf&v=current,,HOUSE,,,"HouseResources, Recreation and Development",Time not specified
HB116,http://gencourt.state.nh.us/bill_Status/bill_docket.aspx?lsr=0104&sy=2021&txtsessionyear=2021&sortoption=,http://gencourt.state.nh.us/bill_Status/bill_status.aspx?lsr=0104&sy=2021&txtsessionyear=2021&sortoption=,http://gencourt.state.nh.us/bill_Status/billText.aspx?sy=2021&id=102&txtFormat=html,http://gencourt.state.nh.us/bill_Status/billText.aspx?sy=2021&id=102&txtFormat=pdf&v=current,,HOUSE,,,HouseTransportation,Time not specified
HB117,http://gencourt.state.nh.us/bill_Status/bill_docket.aspx?lsr=0053&sy=2021&txtsessionyear=2021&sortoption=,http://gencourt.state.nh.us/bill_Status/bill_status.aspx?lsr=0053&sy=2021&txtsessionyear=2021&sortoption=,http://gencourt.state.nh.us/bill_Status/billText.aspx?sy=2021&id=49&txtFormat=html,http://gencourt.state.nh.us/bill_Status/billText.aspx?sy=2021&id=49&txtFormat=pdf&v=current,,HOUSE,,,HouseState-Federal Relations and Veterans Affairs,Time not specified
HB118,http://gencourt.state.nh.us/bill_Status/bill_docket.aspx?lsr=0172&sy=2021&txtsessionyear=2021&sortoption=,http://gencourt.state.nh.us/bill_Status/bill_status.aspx?lsr=0172&sy=2021&txtsessionyear=2021&sortoption=,http://gencourt.state.nh.us/bill_Status/billText.aspx?sy=2021&id=165&txtFormat=html,http://gencourt.state.nh.us/bill_Status/billText.aspx?sy=2021&id=165&txtFormat=pdf&v=current,,HOUSE,,,HouseFish and Game and Marine Resources,Time not specified
"HB119

									-FN",http://gencourt.state.nh.us/bill_Status/bill_docket.aspx?lsr=0035&sy=2021&txtsessionyear=2021&sortoption=,http://gencourt.state.nh.us/bill_Status/bill_status.aspx?lsr=0035&sy=2021&txtsessionyear=2021&sortoption=,http://gencourt.state.nh.us/bill_Status/billText.aspx?sy=2021&id=31&txtFormat=html,http://gencourt.state.nh.us/bill_Status/billText.aspx?sy=2021&id=31&txtFormat=pdf&v=current,,HOUSE,,,"HouseScience, Technology and Energy",Time not specified
HB120,http://gencourt.state.nh.us/bill_Status/bill_docket.aspx?lsr=0052&sy=2021&txtsessionyear=2021&sortoption=,http://gencourt.state.nh.us/bill_Status/bill_status.aspx?lsr=0052&sy=2021&txtsessionyear=2021&sortoption=,http://gencourt.state.nh.us/bill_Status/billText.aspx?sy=2021&id=50&txtFormat=html,http://gencourt.state.nh.us/bill_Status/billText.aspx?sy=2021&id=50&txtFormat=pdf&v=current,,HOUSE,,,HouseChildren and Family Law,Time not specified
"HB121

									-FN-A",http://gencourt.state.nh.us/bill_Status/bill_docket.aspx?lsr=0066&sy=2021&txtsessionyear=2021&sortoption=,http://gencourt.state.nh.us/bill_Status/bill_status.aspx?lsr=0066&sy=2021&txtsessionyear=2021&sortoption=,http://gencourt.state.nh.us/bill_Status/billText.aspx?sy=2021&id=66&txtFormat=html,http://gencourt.state.nh.us/bill_Status/billText.aspx?sy=2021&id=66&txtFormat=pdf&v=current,,HOUSE,,,HouseElection Law,Time not specified
"HB122

									-A",http://gencourt.state.nh.us/bill_Status/bill_docket.aspx?lsr=0081&sy=2021&txtsessionyear=2021&sortoption=,http://gencourt.state.nh.us/bill_Status/bill_status.aspx?lsr=0081&sy=2021&txtsessionyear=2021&sortoption=,http://gencourt.state.nh.us/bill_Status/billText.aspx?sy=2021&id=79&txtFormat=html,http://gencourt.state.nh.us/bill_Status/billText.aspx?sy=2021&id=79&txtFormat=pdf&v=current,,HOUSE,,,HousePublic Works and Highways,Time not specified
"HB123

									-FN",http://gencourt.state.nh.us/bill_Status/bill_docket.aspx?lsr=0093&sy=2021&txtsessionyear=2021&sortoption=,http://gencourt.state.nh.us/bill_Status/bill_status.aspx?lsr=0093&sy=2021&txtsessionyear=2021&sortoption=,http://gencourt.state.nh.us/bill_Status/billText.aspx?sy=2021&id=93&txtFormat=html,http://gencourt.state.nh.us/bill_Status/billText.aspx?sy=2021&id=93&txtFormat=pdf&v=current,,HOUSE,,,HouseCriminal Justice and Public Safety,Time not specified
HB124,http://gencourt.state.nh.us/bill_Status/bill_docket.aspx?lsr=0080&sy=2021&txtsessionyear=2021&sortoption=,http://gencourt.state.nh.us/bill_Status/bill_status.aspx?lsr=0080&sy=2021&txtsessionyear=2021&sortoption=,http://gencourt.state.nh.us/bill_Status/billText.aspx?sy=2021&id=80&txtFormat=html,http://gencourt.state.nh.us/bill_Status/billText.aspx?sy=2021&id=80&txtFormat=pdf&v=current,,HOUSE,,,HouseJudiciary,Time not specified
HB125,http://gencourt.state.nh.us/bill_Status/bill_docket.aspx?lsr=0092&sy=2021&txtsessionyear=2021&sortoption=,http://gencourt.state.nh.us/bill_Status/bill_status.aspx?lsr=0092&sy=2021&txtsessionyear=2021&sortoption=,http://gencourt.state.nh.us/bill_Status/billText.aspx?sy=2021&id=94&txtFormat=html,http://gencourt.state.nh.us/bill_Status/billText.aspx?sy=2021&id=94&txtFormat=pdf&v=current,,HOUSE,,,HouseCriminal Justice and Public Safety,Time not specified
HB126,http://gencourt.state.nh.us/bill_Status/bill_docket.aspx?lsr=0180&sy=2021&txtsessionyear=2021&sortoption=,http://gencourt.state.nh.us/bill_Status/bill_status.aspx?lsr=0180&sy=2021&txtsessionyear=2021&sortoption=,http://gencourt.state.nh.us/bill_Status/billText.aspx?sy=2021&id=178&txtFormat=html,http://gencourt.state.nh.us/bill_Status/billText.aspx?sy=2021&id=178&txtFormat=pdf&v=current,,HOUSE,,,HouseJudiciary,Time not specified
HB127,http://gencourt.state.nh.us/bill_Status/bill_docket.aspx?lsr=0209&sy=2021&txtsessionyear=2021&sortoption=,http://gencourt.state.nh.us/bill_Status/bill_status.aspx?lsr=0209&sy=2021&txtsessionyear=2021&sortoption=,http://gencourt.state.nh.us/bill_Status/billText.aspx?sy=2021&id=187&txtFormat=html,http://gencourt.state.nh.us/bill_Status/billText.aspx?sy=2021&id=187&txtFormat=pdf&v=current,,HOUSE,,,HouseElection Law,Time not specified
HB128,http://gencourt.state.nh.us/bill_Status/bill_docket.aspx?lsr=0051&sy=2021&txtsessionyear=2021&sortoption=,http://gencourt.state.nh.us/bill_Status/bill_status.aspx?lsr=0051&sy=2021&txtsessionyear=2021&sortoption=,http://gencourt.state.nh.us/bill_Status/billText.aspx?sy=2021&id=51&txtFormat=html,http://gencourt.state.nh.us/bill_Status/billText.aspx?sy=2021&id=51&txtFormat=pdf&v=current,,HOUSE,,,HouseExecutive Departments and Administration,Time not specified
"HB129

									-FN",http://gencourt.state.nh.us/bill_Status/bill_docket.aspx?lsr=0074&sy=2021&txtsessionyear=2021&sortoption=,http://gencourt.state.nh.us/bill_Status/bill_status.aspx?lsr=0074&sy=2021&txtsessionyear=2021&sortoption=,http://gencourt.state.nh.us/bill_Status/billText.aspx?sy=2021&id=71&txtFormat=html,http://gencourt.state.nh.us/bill_Status/billText.aspx?sy=2021&id=71&txtFormat=pdf&v=current,,HOUSE,,,HouseCriminal Justice and Public Safety,Time not specified
HB130,http://gencourt.state.nh.us/bill_Status/bill_docket.aspx?lsr=0073&sy=2021&txtsessionyear=2021&sortoption=,http://gencourt.state.nh.us/bill_Status/bill_status.aspx?lsr=0073&sy=2021&txtsessionyear=2021&sortoption=,http://gencourt.state.nh.us/bill_Status/billText.aspx?sy=2021&id=72&txtFormat=html,http://gencourt.state.nh.us/bill_Status/billText.aspx?sy=2021&id=72&txtFormat=pdf&v=current,,HOUSE,,,HouseExecutive Departments and Administration,Time not specified
HB131,http://gencourt.state.nh.us/bill_Status/bill_docket.aspx?lsr=0083&sy=2021&txtsessionyear=2021&sortoption=,http://gencourt.state.nh.us/bill_Status/bill_status.aspx?lsr=0083&sy=2021&txtsessionyear=2021&sortoption=,http://gencourt.state.nh.us/bill_Status/billText.aspx?sy=2021&id=84&txtFormat=html,http://gencourt.state.nh.us/bill_Status/billText.aspx?sy=2021&id=84&txtFormat=pdf&v=current,,HOUSE,,,"HouseHealth, Human Services and Elderly Affairs",Time not specified
"HB132

									-L",http://gencourt.state.nh.us/bill_Status/bill_docket.aspx?lsr=0091&sy=2021&txtsessionyear=2021&sortoption=,http://gencourt.state.nh.us/bill_Status/bill_status.aspx?lsr=0091&sy=2021&txtsessionyear=2021&sortoption=,http://gencourt.state.nh.us/bill_Status/billText.aspx?sy=2021&id=90&txtFormat=html,http://gencourt.state.nh.us/bill_Status/billText.aspx?sy=2021&id=90&txtFormat=pdf&v=current,,HOUSE,,,HouseMunicipal and County Government,Time not specified
HB133,http://gencourt.state.nh.us/bill_Status/bill_docket.aspx?lsr=0106&sy=2021&txtsessionyear=2021&sortoption=,http://gencourt.state.nh.us/bill_Status/bill_status.aspx?lsr=0106&sy=2021&txtsessionyear=2021&sortoption=,http://gencourt.state.nh.us/bill_Status/billText.aspx?sy=2021&id=108&txtFormat=html,http://gencourt.state.nh.us/bill_Status/billText.aspx?sy=2021&id=108&txtFormat=pdf&v=current,,HOUSE,,,HouseJudiciary,Time not specified
HB133,http://gencourt.state.nh.us/bill_Status/bill_docket.aspx?lsr=0106&sy=2021&txtsessionyear=2021&sortoption=,http://gencourt.state.nh.us/bill_Status/bill_status.aspx?lsr=0106&sy=2021&txtsessionyear=2021&sortoption=,http://gencourt.state.nh.us/bill_Status/billText.aspx?sy=2021&id=108&txtFormat=html,http://gencourt.state.nh.us/bill_Status/billText.aspx?sy=2021&id=108&txtFormat=pdf&v=current,,HOUSE,,,HouseJudiciary,Time not specified
HB134,http://gencourt.state.nh.us/bill_Status/bill_docket.aspx?lsr=0103&sy=2021&txtsessionyear=2021&sortoption=,http://gencourt.state.nh.us/bill_Status/bill_status.aspx?lsr=0103&sy=2021&txtsessionyear=2021&sortoption=,http://gencourt.state.nh.us/bill_Status/billText.aspx?sy=2021&id=103&txtFormat=html,http://gencourt.state.nh.us/bill_Status/billText.aspx?sy=2021&id=103&txtFormat=pdf&v=current,,HOUSE,,,HouseWays and Means,Time not specified
HB135,http://gencourt.state.nh.us/bill_Status/bill_docket.aspx?lsr=0011&sy=2021&txtsessionyear=2021&sortoption=,http://gencourt.state.nh.us/bill_Status/bill_status.aspx?lsr=0011&sy=2021&txtsessionyear=2021&sortoption=,http://gencourt.state.nh.us/bill_Status/billText.aspx?sy=2021&id=11&txtFormat=html,http://gencourt.state.nh.us/bill_Status/billText.aspx?sy=2021&id=11&txtFormat=pdf&v=current,,HOUSE,,,HouseJudiciary,Time not specified
HB136,http://gencourt.state.nh.us/bill_Status/bill_docket.aspx?lsr=0470&sy=2021&txtsessionyear=2021&sortoption=,http://gencourt.state.nh.us/bill_Status/bill_status.aspx?lsr=0470&sy=2021&txtsessionyear=2021&sortoption=,http://gencourt.state.nh.us/bill_Status/billText.aspx?sy=2021&id=451&txtFormat=html,http://gencourt.state.nh.us/bill_Status/billText.aspx?sy=2021&id=451&txtFormat=pdf&v=current,,HOUSE,,,HouseEducation,Time not specified
HB137,http://gencourt.state.nh.us/bill_Status/bill_docket.aspx?lsr=0221&sy=2021&txtsessionyear=2021&sortoption=,http://gencourt.state.nh.us/bill_Status/bill_status.aspx?lsr=0221&sy=2021&txtsessionyear=2021&sortoption=,http://gencourt.state.nh.us/bill_Status/billText.aspx?sy=2021&id=212&txtFormat=html,http://gencourt.state.nh.us/bill_Status/billText.aspx?sy=2021&id=212&txtFormat=pdf&v=current,,HOUSE,,,HouseExecutive Departments and Administration,Time not specified
"HB138

									-FN",http://gencourt.state.nh.us/bill_Status/bill_docket.aspx?lsr=0183&sy=2021&txtsessionyear=2021&sortoption=,http://gencourt.state.nh.us/bill_Status/bill_status.aspx?lsr=0183&sy=2021&txtsessionyear=2021&sortoption=,http://gencourt.state.nh.us/bill_Status/billText.aspx?sy=2021&id=185&txtFormat=html,http://gencourt.state.nh.us/bill_Status/billText.aspx?sy=2021&id=185&txtFormat=pdf&v=current,,HOUSE,,,HouseCriminal Justice and Public Safety,Time not specified
HB139,http://gencourt.state.nh.us/bill_Status/bill_docket.aspx?lsr=0214&sy=2021&txtsessionyear=2021&sortoption=,http://gencourt.state.nh.us/bill_Status/bill_status.aspx?lsr=0214&sy=2021&txtsessionyear=2021&sortoption=,http://gencourt.state.nh.us/bill_Status/billText.aspx?sy=2021&id=219&txtFormat=html,http://gencourt.state.nh.us/bill_Status/billText.aspx?sy=2021&id=219&txtFormat=pdf&v=current,,HOUSE,,,HouseChildren and Family Law,Time not specified
HB140,http://gencourt.state.nh.us/bill_Status/bill_docket.aspx?lsr=0265&sy=2021&txtsessionyear=2021&sortoption=,http://gencourt.state.nh.us/bill_Status/bill_status.aspx?lsr=0265&sy=2021&txtsessionyear=2021&sortoption=,http://gencourt.state.nh.us/bill_Status/billText.aspx?sy=2021&id=266&txtFormat=html,http://gencourt.state.nh.us/bill_Status/billText.aspx?sy=2021&id=266&txtFormat=pdf&v=current,,HOUSE,,,HouseEducation,Time not specified
HB142,http://gencourt.state.nh.us/bill_Status/bill_docket.aspx?lsr=0099&sy=2021&txtsessionyear=2021&sortoption=,http://gencourt.state.nh.us/bill_Status/bill_status.aspx?lsr=0099&sy=2021&txtsessionyear=2021&sortoption=,http://gencourt.state.nh.us/bill_Status/billText.aspx?sy=2021&id=99&txtFormat=html,http://gencourt.state.nh.us/bill_Status/billText.aspx?sy=2021&id=99&txtFormat=pdf&v=current,,HOUSE,,,HouseChildren and Family Law,Time not specified
HB143,http://gencourt.state.nh.us/bill_Status/bill_docket.aspx?lsr=0105&sy=2021&txtsessionyear=2021&sortoption=,http://gencourt.state.nh.us/bill_Status/bill_status.aspx?lsr=0105&sy=2021&txtsessionyear=2021&sortoption=,http://gencourt.state.nh.us/bill_Status/billText.aspx?sy=2021&id=109&txtFormat=html,http://gencourt.state.nh.us/bill_Status/billText.aspx?sy=2021&id=109&txtFormat=pdf&v=current,,HOUSE,,,"HouseHealth, Human Services and Elderly Affairs",Time not specified
HB143,http://gencourt.state.nh.us/bill_Status/bill_docket.aspx?lsr=0105&sy=2021&txtsessionyear=2021&sortoption=,http://gencourt.state.nh.us/bill_Status/bill_status.aspx?lsr=0105&sy=2021&txtsessionyear=2021&sortoption=,http://gencourt.state.nh.us/bill_Status/billText.aspx?sy=2021&id=109&txtFormat=html,http://gencourt.state.nh.us/bill_Status/billText.aspx?sy=2021&id=109&txtFormat=pdf&v=current,,HOUSE,,,"HouseHealth, Human Services and Elderly Affairs",Time not specified
HB143,http://gencourt.state.nh.us/bill_Status/bill_docket.aspx?lsr=0105&sy=2021&txtsessionyear=2021&sortoption=,http://gencourt.state.nh.us/bill_Status/bill_status.aspx?lsr=0105&sy=2021&txtsessionyear=2021&sortoption=,http://gencourt.state.nh.us/bill_Status/billText.aspx?sy=2021&id=109&txtFormat=html,http://gencourt.state.nh.us/bill_Status/billText.aspx?sy=2021&id=109&txtFormat=pdf&v=current,,HOUSE,,,"HouseHealth, Human Services and Elderly Affairs",Time not specified
HB143,http://gencourt.state.nh.us/bill_Status/bill_docket.aspx?lsr=0105&sy=2021&txtsessionyear=2021&sortoption=,http://gencourt.state.nh.us/bill_Status/bill_status.aspx?lsr=0105&sy=2021&txtsessionyear=2021&sortoption=,http://gencourt.state.nh.us/bill_Status/billText.aspx?sy=2021&id=109&txtFormat=html,http://gencourt.state.nh.us/bill_Status/billText.aspx?sy=2021&id=109&txtFormat=pdf&v=current,,HOUSE,,,"HouseHealth, Human Services and Elderly Affairs",Time not specified
HB144,http://gencourt.state.nh.us/bill_Status/bill_docket.aspx?lsr=0112&sy=2021&txtsessionyear=2021&sortoption=,http://gencourt.state.nh.us/bill_Status/bill_status.aspx?lsr=0112&sy=2021&txtsessionyear=2021&sortoption=,http://gencourt.state.nh.us/bill_Status/billText.aspx?sy=2021&id=112&txtFormat=html,http://gencourt.state.nh.us/bill_Status/billText.aspx?sy=2021&id=112&txtFormat=pdf&v=current,,HOUSE,,,HouseElection Law,Time not specified
HB145,http://gencourt.state.nh.us/bill_Status/bill_docket.aspx?lsr=0281&sy=2021&txtsessionyear=2021&sortoption=,http://gencourt.state.nh.us/bill_Status/bill_status.aspx?lsr=0281&sy=2021&txtsessionyear=2021&sortoption=,http://gencourt.state.nh.us/bill_Status/billText.aspx?sy=2021&id=284&txtFormat=html,http://gencourt.state.nh.us/bill_Status/billText.aspx?sy=2021&id=284&txtFormat=pdf&v=current,,HOUSE,,,HouseCriminal Justice and Public Safety,Time not specified
HB146,http://gencourt.state.nh.us/bill_Status/bill_docket.aspx?lsr=0133&sy=2021&txtsessionyear=2021&sortoption=,http://gencourt.state.nh.us/bill_Status/bill_status.aspx?lsr=0133&sy=2021&txtsessionyear=2021&sortoption=,http://gencourt.state.nh.us/bill_Status/billText.aspx?sy=2021&id=129&txtFormat=html,http://gencourt.state.nh.us/bill_Status/billText.aspx?sy=2021&id=129&txtFormat=pdf&v=current,,HOUSE,,,"HouseHealth, Human Services and Elderly Affairs",Time not specified
"HB147

									-FN",http://gencourt.state.nh.us/bill_Status/bill_docket.aspx?lsr=0338&sy=2021&txtsessionyear=2021&sortoption=,http://gencourt.state.nh.us/bill_Status/bill_status.aspx?lsr=0338&sy=2021&txtsessionyear=2021&sortoption=,http://gencourt.state.nh.us/bill_Status/billText.aspx?sy=2021&id=333&txtFormat=html,http://gencourt.state.nh.us/bill_Status/billText.aspx?sy=2021&id=333&txtFormat=pdf&v=current,,HOUSE,,,HouseCriminal Justice and Public Safety,Time not specified
HB148,http://gencourt.state.nh.us/bill_Status/bill_docket.aspx?lsr=0344&sy=2021&txtsessionyear=2021&sortoption=,http://gencourt.state.nh.us/bill_Status/bill_status.aspx?lsr=0344&sy=2021&txtsessionyear=2021&sortoption=,http://gencourt.state.nh.us/bill_Status/billText.aspx?sy=2021&id=341&txtFormat=html,http://gencourt.state.nh.us/bill_Status/billText.aspx?sy=2021&id=341&txtFormat=pdf&v=current,,HOUSE,,,"HouseScience, Technology and Energy",Time not specified
"HB149

									-FN",http://gencourt.state.nh.us/bill_Status/bill_docket.aspx?lsr=0129&sy=2021&txtsessionyear=2021&sortoption=,http://gencourt.state.nh.us/bill_Status/bill_status.aspx?lsr=0129&sy=2021&txtsessionyear=2021&sortoption=,http://gencourt.state.nh.us/bill_Status/billText.aspx?sy=2021&id=133&txtFormat=html,http://gencourt.state.nh.us/bill_Status/billText.aspx?sy=2021&id=133&txtFormat=pdf&v=current,,HOUSE,,,HouseJudiciary,Time not specified
HB150,http://gencourt.state.nh.us/bill_Status/bill_docket.aspx?lsr=0128&sy=2021&txtsessionyear=2021&sortoption=,http://gencourt.state.nh.us/bill_Status/bill_status.aspx?lsr=0128&sy=2021&txtsessionyear=2021&sortoption=,http://gencourt.state.nh.us/bill_Status/billText.aspx?sy=2021&id=134&txtFormat=html,http://gencourt.state.nh.us/bill_Status/billText.aspx?sy=2021&id=134&txtFormat=pdf&v=current,,HOUSE,,,HouseExecutive Departments and Administration,Time not specified
HB151,http://gencourt.state.nh.us/bill_Status/bill_docket.aspx?lsr=0111&sy=2021&txtsessionyear=2021&sortoption=,http://gencourt.state.nh.us/bill_Status/bill_status.aspx?lsr=0111&sy=2021&txtsessionyear=2021&sortoption=,http://gencourt.state.nh.us/bill_Status/billText.aspx?sy=2021&id=113&txtFormat=html,http://gencourt.state.nh.us/bill_Status/billText.aspx?sy=2021&id=113&txtFormat=pdf&v=current,,HOUSE,,,HouseElection Law,Time not specified
HB152,http://gencourt.state.nh.us/bill_Status/bill_docket.aspx?lsr=0319&sy=2021&txtsessionyear=2021&sortoption=,http://gencourt.state.nh.us/bill_Status/bill_status.aspx?lsr=0319&sy=2021&txtsessionyear=2021&sortoption=,http://gencourt.state.nh.us/bill_Status/billText.aspx?sy=2021&id=312&txtFormat=html,http://gencourt.state.nh.us/bill_Status/billText.aspx?sy=2021&id=312&txtFormat=pdf&v=current,,HOUSE,,,HouseEducation,Time not specified
HB153,http://gencourt.state.nh.us/bill_Status/bill_docket.aspx?lsr=0113&sy=2021&txtsessionyear=2021&sortoption=,http://gencourt.state.nh.us/bill_Status/bill_status.aspx?lsr=0113&sy=2021&txtsessionyear=2021&sortoption=,http://gencourt.state.nh.us/bill_Status/billText.aspx?sy=2021&id=111&txtFormat=html,http://gencourt.state.nh.us/bill_Status/billText.aspx?sy=2021&id=111&txtFormat=pdf&v=current,,HOUSE,,,"HouseScience, Technology and Energy",Time not specified
"HB154

									-L",http://gencourt.state.nh.us/bill_Status/bill_docket.aspx?lsr=0116&sy=2021&txtsessionyear=2021&sortoption=,http://gencourt.state.nh.us/bill_Status/bill_status.aspx?lsr=0116&sy=2021&txtsessionyear=2021&sortoption=,http://gencourt.state.nh.us/bill_Status/billText.aspx?sy=2021&id=116&txtFormat=html,http://gencourt.state.nh.us/bill_Status/billText.aspx?sy=2021&id=116&txtFormat=pdf&v=current,,HOUSE,,,HouseWays and Means,Time not specified
HB155,http://gencourt.state.nh.us/bill_Status/bill_docket.aspx?lsr=0131&sy=2021&txtsessionyear=2021&sortoption=,http://gencourt.state.nh.us/bill_Status/bill_status.aspx?lsr=0131&sy=2021&txtsessionyear=2021&sortoption=,http://gencourt.state.nh.us/bill_Status/billText.aspx?sy=2021&id=131&txtFormat=html,http://gencourt.state.nh.us/bill_Status/billText.aspx?sy=2021&id=131&txtFormat=pdf&v=current,,HOUSE,,,HouseExecutive Departments and Administration,Time not specified
HB156,http://gencourt.state.nh.us/bill_Status/bill_docket.aspx?lsr=0145&sy=2021&txtsessionyear=2021&sortoption=,http://gencourt.state.nh.us/bill_Status/bill_status.aspx?lsr=0145&sy=2021&txtsessionyear=2021&sortoption=,http://gencourt.state.nh.us/bill_Status/billText.aspx?sy=2021&id=144&txtFormat=html,http://gencourt.state.nh.us/bill_Status/billText.aspx?sy=2021&id=144&txtFormat=pdf&v=current,,HOUSE,,,HouseLegislative Administration,Time not specified
"HB157

									-FN",http://gencourt.state.nh.us/bill_Status/bill_docket.aspx?lsr=0242&sy=2021&txtsessionyear=2021&sortoption=,http://gencourt.state.nh.us/bill_Status/bill_status.aspx?lsr=0242&sy=2021&txtsessionyear=2021&sortoption=,http://gencourt.state.nh.us/bill_Status/billText.aspx?sy=2021&id=246&txtFormat=html,http://gencourt.state.nh.us/bill_Status/billText.aspx?sy=2021&id=246&txtFormat=pdf&v=current,,HOUSE,,,"HouseHealth, Human Services and Elderly Affairs",Time not specified
HB158,http://gencourt.state.nh.us/bill_Status/bill_docket.aspx?lsr=0291&sy=2021&txtsessionyear=2021&sortoption=,http://gencourt.state.nh.us/bill_Status/bill_status.aspx?lsr=0291&sy=2021&txtsessionyear=2021&sortoption=,http://gencourt.state.nh.us/bill_Status/billText.aspx?sy=2021&id=300&txtFormat=html,http://gencourt.state.nh.us/bill_Status/billText.aspx?sy=2021&id=300&txtFormat=pdf&v=current,,HOUSE,,,"HouseResources, Recreation and Development",Time not specified
"HB159

									-FN",http://gencourt.state.nh.us/bill_Status/bill_docket.aspx?lsr=0317&sy=2021&txtsessionyear=2021&sortoption=,http://gencourt.state.nh.us/bill_Status/bill_status.aspx?lsr=0317&sy=2021&txtsessionyear=2021&sortoption=,http://gencourt.state.nh.us/bill_Status/billText.aspx?sy=2021&id=314&txtFormat=html,http://gencourt.state.nh.us/bill_Status/billText.aspx?sy=2021&id=314&txtFormat=pdf&v=current,,HOUSE,,,HouseTransportation,Time not specified
HB160,http://gencourt.state.nh.us/bill_Status/bill_docket.aspx?lsr=0115&sy=2021&txtsessionyear=2021&sortoption=,http://gencourt.state.nh.us/bill_Status/bill_status.aspx?lsr=0115&sy=2021&txtsessionyear=2021&sortoption=,http://gencourt.state.nh.us/bill_Status/billText.aspx?sy=2021&id=117&txtFormat=html,http://gencourt.state.nh.us/bill_Status/billText.aspx?sy=2021&id=117&txtFormat=pdf&v=current,,HOUSE,,,HouseJudiciary,Time not specified
HB161,http://gencourt.state.nh.us/bill_Status/bill_docket.aspx?lsr=0233&sy=2021&txtsessionyear=2021&sortoption=,http://gencourt.state.nh.us/bill_Status/bill_status.aspx?lsr=0233&sy=2021&txtsessionyear=2021&sortoption=,http://gencourt.state.nh.us/bill_Status/billText.aspx?sy=2021&id=224&txtFormat=html,http://gencourt.state.nh.us/bill_Status/billText.aspx?sy=2021&id=224&txtFormat=pdf&v=current,,HOUSE,,,HouseChildren and Family Law,Time not specified
HB162,http://gencourt.state.nh.us/bill_Status/bill_docket.aspx?lsr=0195&sy=2021&txtsessionyear=2021&sortoption=,http://gencourt.state.nh.us/bill_Status/bill_status.aspx?lsr=0195&sy=2021&txtsessionyear=2021&sortoption=,http://gencourt.state.nh.us/bill_Status/billText.aspx?sy=2021&id=196&txtFormat=html,http://gencourt.state.nh.us/bill_Status/billText.aspx?sy=2021&id=196&txtFormat=pdf&v=current,,HOUSE,,,HouseCommerce and Consumer Affairs,Time not specified
"HB163

									-FN",http://gencourt.state.nh.us/bill_Status/bill_docket.aspx?lsr=0012&sy=2021&txtsessionyear=2021&sortoption=,http://gencourt.state.nh.us/bill_Status/bill_status.aspx?lsr=0012&sy=2021&txtsessionyear=2021&sortoption=,http://gencourt.state.nh.us/bill_Status/billText.aspx?sy=2021&id=10&txtFormat=html,http://gencourt.state.nh.us/bill_Status/billText.aspx?sy=2021&id=10&txtFormat=pdf&v=current,,HOUSE,,,"HouseHealth, Human Services and Elderly Affairs",Time not specified
HB164,http://gencourt.state.nh.us/bill_Status/bill_docket.aspx?lsr=0123&sy=2021&txtsessionyear=2021&sortoption=,http://gencourt.state.nh.us/bill_Status/bill_status.aspx?lsr=0123&sy=2021&txtsessionyear=2021&sortoption=,http://gencourt.state.nh.us/bill_Status/billText.aspx?sy=2021&id=122&txtFormat=html,http://gencourt.state.nh.us/bill_Status/billText.aspx?sy=2021&id=122&txtFormat=pdf&v=current,,HOUSE,,,HouseMunicipal and County Government,Time not specified
HB165,http://gencourt.state.nh.us/bill_Status/bill_docket.aspx?lsr=0122&sy=2021&txtsessionyear=2021&sortoption=,http://gencourt.state.nh.us/bill_Status/bill_status.aspx?lsr=0122&sy=2021&txtsessionyear=2021&sortoption=,http://gencourt.state.nh.us/bill_Status/billText.aspx?sy=2021&id=123&txtFormat=html,http://gencourt.state.nh.us/bill_Status/billText.aspx?sy=2021&id=123&txtFormat=pdf&v=current,,HOUSE,,,HouseCommerce and Consumer Affairs,Time not specified
HB166,http://gencourt.state.nh.us/bill_Status/bill_docket.aspx?lsr=0121&sy=2021&txtsessionyear=2021&sortoption=,http://gencourt.state.nh.us/bill_Status/bill_status.aspx?lsr=0121&sy=2021&txtsessionyear=2021&sortoption=,http://gencourt.state.nh.us/bill_Status/billText.aspx?sy=2021&id=124&txtFormat=html,http://gencourt.state.nh.us/bill_Status/billText.aspx?sy=2021&id=124&txtFormat=pdf&v=current,,HOUSE,,,HouseCommerce and Consumer Affairs,Time not specified
"HB167

									-FN",http://gencourt.state.nh.us/bill_Status/bill_docket.aspx?lsr=0153&sy=2021&txtsessionyear=2021&sortoption=,http://gencourt.state.nh.us/bill_Status/bill_status.aspx?lsr=0153&sy=2021&txtsessionyear=2021&sortoption=,http://gencourt.state.nh.us/bill_Status/billText.aspx?sy=2021&id=152&txtFormat=html,http://gencourt.state.nh.us/bill_Status/billText.aspx?sy=2021&id=152&txtFormat=pdf&v=current,,HOUSE,,,"HouseScience, Technology and Energy",Time not specified
"HB168

									-FN",http://gencourt.state.nh.us/bill_Status/bill_docket.aspx?lsr=0152&sy=2021&txtsessionyear=2021&sortoption=,http://gencourt.state.nh.us/bill_Status/bill_status.aspx?lsr=0152&sy=2021&txtsessionyear=2021&sortoption=,http://gencourt.state.nh.us/bill_Status/billText.aspx?sy=2021&id=153&txtFormat=html,http://gencourt.state.nh.us/bill_Status/billText.aspx?sy=2021&id=153&txtFormat=pdf&v=current,,HOUSE,,,"HouseScience, Technology and Energy",Time not specified
HB169,http://gencourt.state.nh.us/bill_Status/bill_docket.aspx?lsr=0114&sy=2021&txtsessionyear=2021&sortoption=,http://gencourt.state.nh.us/bill_Status/bill_status.aspx?lsr=0114&sy=2021&txtsessionyear=2021&sortoption=,http://gencourt.state.nh.us/bill_Status/billText.aspx?sy=2021&id=110&txtFormat=html,http://gencourt.state.nh.us/bill_Status/billText.aspx?sy=2021&id=110&txtFormat=pdf&v=current,,HOUSE,,,HousePublic Works and Highways,Time not specified
HB170,http://gencourt.state.nh.us/bill_Status/bill_docket.aspx?lsr=0117&sy=2021&txtsessionyear=2021&sortoption=,http://gencourt.state.nh.us/bill_Status/bill_status.aspx?lsr=0117&sy=2021&txtsessionyear=2021&sortoption=,http://gencourt.state.nh.us/bill_Status/billText.aspx?sy=2021&id=115&txtFormat=html,http://gencourt.state.nh.us/bill_Status/billText.aspx?sy=2021&id=115&txtFormat=pdf&v=current,,HOUSE,,,HouseExecutive Departments and Administration,Time not specified
HB171,http://gencourt.state.nh.us/bill_Status/bill_docket.aspx?lsr=0118&sy=2021&txtsessionyear=2021&sortoption=,http://gencourt.state.nh.us/bill_Status/bill_status.aspx?lsr=0118&sy=2021&txtsessionyear=2021&sortoption=,http://gencourt.state.nh.us/bill_Status/billText.aspx?sy=2021&id=127&txtFormat=html,http://gencourt.state.nh.us/bill_Status/billText.aspx?sy=2021&id=127&txtFormat=pdf&v=current,,HOUSE,,,HouseCommerce and Consumer Affairs,Time not specified
HB172,http://gencourt.state.nh.us/bill_Status/bill_docket.aspx?lsr=0134&sy=2021&txtsessionyear=2021&sortoption=,http://gencourt.state.nh.us/bill_Status/bill_status.aspx?lsr=0134&sy=2021&txtsessionyear=2021&sortoption=,http://gencourt.state.nh.us/bill_Status/billText.aspx?sy=2021&id=128&txtFormat=html,http://gencourt.state.nh.us/bill_Status/billText.aspx?sy=2021&id=128&txtFormat=pdf&v=current,,HOUSE,,,"HouseScience, Technology and Energy",Time not specified
"HB173

									-FN",http://gencourt.state.nh.us/bill_Status/bill_docket.aspx?lsr=0119&sy=2021&txtsessionyear=2021&sortoption=,http://gencourt.state.nh.us/bill_Status/bill_status.aspx?lsr=0119&sy=2021&txtsessionyear=2021&sortoption=,http://gencourt.state.nh.us/bill_Status/billText.aspx?sy=2021&id=126&txtFormat=html,http://gencourt.state.nh.us/bill_Status/billText.aspx?sy=2021&id=126&txtFormat=pdf&v=current,,HOUSE,,,HouseExecutive Departments and Administration,Time not specified
HB174,http://gencourt.state.nh.us/bill_Status/bill_docket.aspx?lsr=0331&sy=2021&txtsessionyear=2021&sortoption=,http://gencourt.state.nh.us/bill_Status/bill_status.aspx?lsr=0331&sy=2021&txtsessionyear=2021&sortoption=,http://gencourt.state.nh.us/bill_Status/billText.aspx?sy=2021&id=321&txtFormat=html,http://gencourt.state.nh.us/bill_Status/billText.aspx?sy=2021&id=321&txtFormat=pdf&v=current,,HOUSE,,,HouseTransportation,Time not specified
HB175,http://gencourt.state.nh.us/bill_Status/bill_docket.aspx?lsr=0132&sy=2021&txtsessionyear=2021&sortoption=,http://gencourt.state.nh.us/bill_Status/bill_status.aspx?lsr=0132&sy=2021&txtsessionyear=2021&sortoption=,http://gencourt.state.nh.us/bill_Status/billText.aspx?sy=2021&id=130&txtFormat=html,http://gencourt.state.nh.us/bill_Status/billText.aspx?sy=2021&id=130&txtFormat=pdf&v=current,,HOUSE,,,HouseTransportation,Time not specified
HB176,http://gencourt.state.nh.us/bill_Status/bill_docket.aspx?lsr=0160&sy=2021&txtsessionyear=2021&sortoption=,http://gencourt.state.nh.us/bill_Status/bill_status.aspx?lsr=0160&sy=2021&txtsessionyear=2021&sortoption=,http://gencourt.state.nh.us/bill_Status/billText.aspx?sy=2021&id=160&txtFormat=html,http://gencourt.state.nh.us/bill_Status/billText.aspx?sy=2021&id=160&txtFormat=pdf&v=current,,HOUSE,,,HouseCommerce and Consumer Affairs,Time not specified
HB177,http://gencourt.state.nh.us/bill_Status/bill_docket.aspx?lsr=0258&sy=2021&txtsessionyear=2021&sortoption=,http://gencourt.state.nh.us/bill_Status/bill_status.aspx?lsr=0258&sy=2021&txtsessionyear=2021&sortoption=,http://gencourt.state.nh.us/bill_Status/billText.aspx?sy=2021&id=249&txtFormat=html,http://gencourt.state.nh.us/bill_Status/billText.aspx?sy=2021&id=249&txtFormat=pdf&v=current,,HOUSE,,,HouseEnvironment and Agriculture,Time not specified
"HB178

									-FN",http://gencourt.state.nh.us/bill_Status/bill_docket.aspx?lsr=0340&sy=2021&txtsessionyear=2021&sortoption=,http://gencourt.state.nh.us/bill_Status/bill_status.aspx?lsr=0340&sy=2021&txtsessionyear=2021&sortoption=,http://gencourt.state.nh.us/bill_Status/billText.aspx?sy=2021&id=331&txtFormat=html,http://gencourt.state.nh.us/bill_Status/billText.aspx?sy=2021&id=331&txtFormat=pdf&v=current,,HOUSE,,,HouseCriminal Justice and Public Safety,Time not specified
"HB179

									-FN",http://gencourt.state.nh.us/bill_Status/bill_docket.aspx?lsr=0337&sy=2021&txtsessionyear=2021&sortoption=,http://gencourt.state.nh.us/bill_Status/bill_status.aspx?lsr=0337&sy=2021&txtsessionyear=2021&sortoption=,http://gencourt.state.nh.us/bill_Status/billText.aspx?sy=2021&id=334&txtFormat=html,http://gencourt.state.nh.us/bill_Status/billText.aspx?sy=2021&id=334&txtFormat=pdf&v=current,,HOUSE,,,HouseCriminal Justice and Public Safety,Time not specified
HB180,http://gencourt.state.nh.us/bill_Status/bill_docket.aspx?lsr=0125&sy=2021&txtsessionyear=2021&sortoption=,http://gencourt.state.nh.us/bill_Status/bill_status.aspx?lsr=0125&sy=2021&txtsessionyear=2021&sortoption=,http://gencourt.state.nh.us/bill_Status/billText.aspx?sy=2021&id=120&txtFormat=html,http://gencourt.state.nh.us/bill_Status/billText.aspx?sy=2021&id=120&txtFormat=pdf&v=current,,HOUSE,,,HouseCriminal Justice and Public Safety,Time not specified
HB181,http://gencourt.state.nh.us/bill_Status/bill_docket.aspx?lsr=0345&sy=2021&txtsessionyear=2021&sortoption=,http://gencourt.state.nh.us/bill_Status/bill_status.aspx?lsr=0345&sy=2021&txtsessionyear=2021&sortoption=,http://gencourt.state.nh.us/bill_Status/billText.aspx?sy=2021&id=340&txtFormat=html,http://gencourt.state.nh.us/bill_Status/billText.aspx?sy=2021&id=340&txtFormat=pdf&v=current,,HOUSE,,,HouseWays and Means,Time not specified
HB182,http://gencourt.state.nh.us/bill_Status/bill_docket.aspx?lsr=0266&sy=2021&txtsessionyear=2021&sortoption=,http://gencourt.state.nh.us/bill_Status/bill_status.aspx?lsr=0266&sy=2021&txtsessionyear=2021&sortoption=,http://gencourt.state.nh.us/bill_Status/billText.aspx?sy=2021&id=265&txtFormat=html,http://gencourt.state.nh.us/bill_Status/billText.aspx?sy=2021&id=265&txtFormat=pdf&v=current,,HOUSE,,,HouseEducation,Time not specified
HB183,http://gencourt.state.nh.us/bill_Status/bill_docket.aspx?lsr=0029&sy=2021&txtsessionyear=2021&sortoption=,http://gencourt.state.nh.us/bill_Status/bill_status.aspx?lsr=0029&sy=2021&txtsessionyear=2021&sortoption=,http://gencourt.state.nh.us/bill_Status/billText.aspx?sy=2021&id=27&txtFormat=html,http://gencourt.state.nh.us/bill_Status/billText.aspx?sy=2021&id=27&txtFormat=pdf&v=current,,HOUSE,,,HouseMunicipal and County Government,Time not specified
HB184,http://gencourt.state.nh.us/bill_Status/bill_docket.aspx?lsr=0048&sy=2021&txtsessionyear=2021&sortoption=,http://gencourt.state.nh.us/bill_Status/bill_status.aspx?lsr=0048&sy=2021&txtsessionyear=2021&sortoption=,http://gencourt.state.nh.us/bill_Status/billText.aspx?sy=2021&id=44&txtFormat=html,http://gencourt.state.nh.us/bill_Status/billText.aspx?sy=2021&id=44&txtFormat=pdf&v=current,,HOUSE,,,"HouseResources, Recreation and Development",Time not specified
"HB185

									-FN",http://gencourt.state.nh.us/bill_Status/bill_docket.aspx?lsr=0203&sy=2021&txtsessionyear=2021&sortoption=,http://gencourt.state.nh.us/bill_Status/bill_status.aspx?lsr=0203&sy=2021&txtsessionyear=2021&sortoption=,http://gencourt.state.nh.us/bill_Status/billText.aspx?sy=2021&id=205&txtFormat=html,http://gencourt.state.nh.us/bill_Status/billText.aspx?sy=2021&id=205&txtFormat=pdf&v=current,,HOUSE,,,"HouseHealth, Human Services and Elderly Affairs",Time not specified
HB186,http://gencourt.state.nh.us/bill_Status/bill_docket.aspx?lsr=0194&sy=2021&txtsessionyear=2021&sortoption=,http://gencourt.state.nh.us/bill_Status/bill_status.aspx?lsr=0194&sy=2021&txtsessionyear=2021&sortoption=,http://gencourt.state.nh.us/bill_Status/billText.aspx?sy=2021&id=197&txtFormat=html,http://gencourt.state.nh.us/bill_Status/billText.aspx?sy=2021&id=197&txtFormat=pdf&v=current,,HOUSE,,,HouseLegislative Administration,Time not specified
HB187,http://gencourt.state.nh.us/bill_Status/bill_docket.aspx?lsr=0173&sy=2021&txtsessionyear=2021&sortoption=,http://gencourt.state.nh.us/bill_Status/bill_status.aspx?lsr=0173&sy=2021&txtsessionyear=2021&sortoption=,http://gencourt.state.nh.us/bill_Status/billText.aspx?sy=2021&id=164&txtFormat=html,http://gencourt.state.nh.us/bill_Status/billText.aspx?sy=2021&id=164&txtFormat=pdf&v=current,,HOUSE,,,"HouseHealth, Human Services and Elderly Affairs",Time not specified
HB188,http://gencourt.state.nh.us/bill_Status/bill_docket.aspx?lsr=0225&sy=2021&txtsessionyear=2021&sortoption=,http://gencourt.state.nh.us/bill_Status/bill_status.aspx?lsr=0225&sy=2021&txtsessionyear=2021&sortoption=,http://gencourt.state.nh.us/bill_Status/billText.aspx?sy=2021&id=232&txtFormat=html,http://gencourt.state.nh.us/bill_Status/billText.aspx?sy=2021&id=232&txtFormat=pdf&v=current,,HOUSE,,,HouseChildren and Family Law,Time not specified
HB189,http://gencourt.state.nh.us/bill_Status/bill_docket.aspx?lsr=0369&sy=2021&txtsessionyear=2021&sortoption=,http://gencourt.state.nh.us/bill_Status/bill_status.aspx?lsr=0369&sy=2021&txtsessionyear=2021&sortoption=,http://gencourt.state.nh.us/bill_Status/billText.aspx?sy=2021&id=366&txtFormat=html,http://gencourt.state.nh.us/bill_Status/billText.aspx?sy=2021&id=366&txtFormat=pdf&v=current,,HOUSE,,,HouseMunicipal and County Government,Time not specified
HB190,http://gencourt.state.nh.us/bill_Status/bill_docket.aspx?lsr=0314&sy=2021&txtsessionyear=2021&sortoption=,http://gencourt.state.nh.us/bill_Status/bill_status.aspx?lsr=0314&sy=2021&txtsessionyear=2021&sortoption=,http://gencourt.state.nh.us/bill_Status/billText.aspx?sy=2021&id=317&txtFormat=html,http://gencourt.state.nh.us/bill_Status/billText.aspx?sy=2021&id=317&txtFormat=pdf&v=current,,HOUSE,,,HouseLegislative Administration,Time not specified
HB191,http://gencourt.state.nh.us/bill_Status/bill_docket.aspx?lsr=0280&sy=2021&txtsessionyear=2021&sortoption=,http://gencourt.state.nh.us/bill_Status/bill_status.aspx?lsr=0280&sy=2021&txtsessionyear=2021&sortoption=,http://gencourt.state.nh.us/bill_Status/billText.aspx?sy=2021&id=285&txtFormat=html,http://gencourt.state.nh.us/bill_Status/billText.aspx?sy=2021&id=285&txtFormat=pdf&v=current,,HOUSE,,,HouseCommerce and Consumer Affairs,Time not specified
HB192,http://gencourt.state.nh.us/bill_Status/bill_docket.aspx?lsr=0352&sy=2021&txtsessionyear=2021&sortoption=,http://gencourt.state.nh.us/bill_Status/bill_status.aspx?lsr=0352&sy=2021&txtsessionyear=2021&sortoption=,http://gencourt.state.nh.us/bill_Status/billText.aspx?sy=2021&id=346&txtFormat=html,http://gencourt.state.nh.us/bill_Status/billText.aspx?sy=2021&id=346&txtFormat=pdf&v=current,,HOUSE,,,HouseFish and Game and Marine Resources,Time not specified
HB193,http://gencourt.state.nh.us/bill_Status/bill_docket.aspx?lsr=0302&sy=2021&txtsessionyear=2021&sortoption=,http://gencourt.state.nh.us/bill_Status/bill_status.aspx?lsr=0302&sy=2021&txtsessionyear=2021&sortoption=,http://gencourt.state.nh.us/bill_Status/billText.aspx?sy=2021&id=289&txtFormat=html,http://gencourt.state.nh.us/bill_Status/billText.aspx?sy=2021&id=289&txtFormat=pdf&v=current,,HOUSE,,,"HouseResources, Recreation and Development",Time not specified
HB194,http://gencourt.state.nh.us/bill_Status/bill_docket.aspx?lsr=0383&sy=2021&txtsessionyear=2021&sortoption=,http://gencourt.state.nh.us/bill_Status/bill_status.aspx?lsr=0383&sy=2021&txtsessionyear=2021&sortoption=,http://gencourt.state.nh.us/bill_Status/billText.aspx?sy=2021&id=378&txtFormat=html,http://gencourt.state.nh.us/bill_Status/billText.aspx?sy=2021&id=378&txtFormat=pdf&v=current,,HOUSE,,,HouseEducation,Time not specified
HB195,http://gencourt.state.nh.us/bill_Status/bill_docket.aspx?lsr=0361&sy=2021&txtsessionyear=2021&sortoption=,http://gencourt.state.nh.us/bill_Status/bill_status.aspx?lsr=0361&sy=2021&txtsessionyear=2021&sortoption=,http://gencourt.state.nh.us/bill_Status/billText.aspx?sy=2021&id=355&txtFormat=html,http://gencourt.state.nh.us/bill_Status/billText.aspx?sy=2021&id=355&txtFormat=pdf&v=current,,HOUSE,,,HouseCriminal Justice and Public Safety,Time not specified
HB196,http://gencourt.state.nh.us/bill_Status/bill_docket.aspx?lsr=0362&sy=2021&txtsessionyear=2021&sortoption=,http://gencourt.state.nh.us/bill_Status/bill_status.aspx?lsr=0362&sy=2021&txtsessionyear=2021&sortoption=,http://gencourt.state.nh.us/bill_Status/billText.aspx?sy=2021&id=354&txtFormat=html,http://gencourt.state.nh.us/bill_Status/billText.aspx?sy=2021&id=354&txtFormat=pdf&v=current,,HOUSE,,,HouseCriminal Justice and Public Safety,Time not specified
HB197,http://gencourt.state.nh.us/bill_Status/bill_docket.aspx?lsr=0363&sy=2021&txtsessionyear=2021&sortoption=,http://gencourt.state.nh.us/bill_Status/bill_status.aspx?lsr=0363&sy=2021&txtsessionyear=2021&sortoption=,http://gencourt.state.nh.us/bill_Status/billText.aspx?sy=2021&id=353&txtFormat=html,http://gencourt.state.nh.us/bill_Status/billText.aspx?sy=2021&id=353&txtFormat=pdf&v=current,,HOUSE,,,HouseCriminal Justice and Public Safety,Time not specified
HB198,http://gencourt.state.nh.us/bill_Status/bill_docket.aspx?lsr=0397&sy=2021&txtsessionyear=2021&sortoption=,http://gencourt.state.nh.us/bill_Status/bill_status.aspx?lsr=0397&sy=2021&txtsessionyear=2021&sortoption=,http://gencourt.state.nh.us/bill_Status/billText.aspx?sy=2021&id=393&txtFormat=html,http://gencourt.state.nh.us/bill_Status/billText.aspx?sy=2021&id=393&txtFormat=pdf&v=current,,HOUSE,,,HouseEducation,Time not specified
HB199,http://gencourt.state.nh.us/bill_Status/bill_docket.aspx?lsr=0374&sy=2021&txtsessionyear=2021&sortoption=,http://gencourt.state.nh.us/bill_Status/bill_status.aspx?lsr=0374&sy=2021&txtsessionyear=2021&sortoption=,http://gencourt.state.nh.us/bill_Status/billText.aspx?sy=2021&id=374&txtFormat=html,http://gencourt.state.nh.us/bill_Status/billText.aspx?sy=2021&id=374&txtFormat=pdf&v=current,,HOUSE,,,HouseEnvironment and Agriculture,Time not specified
"HB200

									-FN",http://gencourt.state.nh.us/bill_Status/bill_docket.aspx?lsr=0388&sy=2021&txtsessionyear=2021&sortoption=,http://gencourt.state.nh.us/bill_Status/bill_status.aspx?lsr=0388&sy=2021&txtsessionyear=2021&sortoption=,http://gencourt.state.nh.us/bill_Status/billText.aspx?sy=2021&id=389&txtFormat=html,http://gencourt.state.nh.us/bill_Status/billText.aspx?sy=2021&id=389&txtFormat=pdf&v=current,,HOUSE,,,HouseCriminal Justice and Public Safety,Time not specified
HB201,http://gencourt.state.nh.us/bill_Status/bill_docket.aspx?lsr=0385&sy=2021&txtsessionyear=2021&sortoption=,http://gencourt.state.nh.us/bill_Status/bill_status.aspx?lsr=0385&sy=2021&txtsessionyear=2021&sortoption=,http://gencourt.state.nh.us/bill_Status/billText.aspx?sy=2021&id=376&txtFormat=html,http://gencourt.state.nh.us/bill_Status/billText.aspx?sy=2021&id=376&txtFormat=pdf&v=current,,HOUSE,,,HouseCommerce and Consumer Affairs,Time not specified
HB202,http://gencourt.state.nh.us/bill_Status/bill_docket.aspx?lsr=0379&sy=2021&txtsessionyear=2021&sortoption=,http://gencourt.state.nh.us/bill_Status/bill_status.aspx?lsr=0379&sy=2021&txtsessionyear=2021&sortoption=,http://gencourt.state.nh.us/bill_Status/billText.aspx?sy=2021&id=382&txtFormat=html,http://gencourt.state.nh.us/bill_Status/billText.aspx?sy=2021&id=382&txtFormat=pdf&v=current,,HOUSE,,,HouseEducation,Time not specified
HB203,http://gencourt.state.nh.us/bill_Status/bill_docket.aspx?lsr=0394&sy=2021&txtsessionyear=2021&sortoption=,http://gencourt.state.nh.us/bill_Status/bill_status.aspx?lsr=0394&sy=2021&txtsessionyear=2021&sortoption=,http://gencourt.state.nh.us/bill_Status/billText.aspx?sy=2021&id=383&txtFormat=html,http://gencourt.state.nh.us/bill_Status/billText.aspx?sy=2021&id=383&txtFormat=pdf&v=current,,HOUSE,,,HouseEducation,Time not specified
HB204,http://gencourt.state.nh.us/bill_Status/bill_docket.aspx?lsr=0366&sy=2021&txtsessionyear=2021&sortoption=,http://gencourt.state.nh.us/bill_Status/bill_status.aspx?lsr=0366&sy=2021&txtsessionyear=2021&sortoption=,http://gencourt.state.nh.us/bill_Status/billText.aspx?sy=2021&id=369&txtFormat=html,http://gencourt.state.nh.us/bill_Status/billText.aspx?sy=2021&id=369&txtFormat=pdf&v=current,,HOUSE,,,HouseExecutive Departments and Administration,Time not specified
"HB205

									-FN",http://gencourt.state.nh.us/bill_Status/bill_docket.aspx?lsr=0376&sy=2021&txtsessionyear=2021&sortoption=,http://gencourt.state.nh.us/bill_Status/bill_status.aspx?lsr=0376&sy=2021&txtsessionyear=2021&sortoption=,http://gencourt.state.nh.us/bill_Status/billText.aspx?sy=2021&id=372&txtFormat=html,http://gencourt.state.nh.us/bill_Status/billText.aspx?sy=2021&id=372&txtFormat=pdf&v=current,,HOUSE,,,HouseCriminal Justice and Public Safety,Time not specified
HB206,http://gencourt.state.nh.us/bill_Status/bill_docket.aspx?lsr=0278&sy=2021&txtsessionyear=2021&sortoption=,http://gencourt.state.nh.us/bill_Status/bill_status.aspx?lsr=0278&sy=2021&txtsessionyear=2021&sortoption=,http://gencourt.state.nh.us/bill_Status/billText.aspx?sy=2021&id=287&txtFormat=html,http://gencourt.state.nh.us/bill_Status/billText.aspx?sy=2021&id=287&txtFormat=pdf&v=current,,HOUSE,,,HouseJudiciary,Time not specified
"HB207

									-FN",http://gencourt.state.nh.us/bill_Status/bill_docket.aspx?lsr=0240&sy=2021&txtsessionyear=2021&sortoption=,http://gencourt.state.nh.us/bill_Status/bill_status.aspx?lsr=0240&sy=2021&txtsessionyear=2021&sortoption=,http://gencourt.state.nh.us/bill_Status/billText.aspx?sy=2021&id=235&txtFormat=html,http://gencourt.state.nh.us/bill_Status/billText.aspx?sy=2021&id=235&txtFormat=pdf&v=current,,HOUSE,,,HouseCommerce and Consumer Affairs,Time not specified
HB208,http://gencourt.state.nh.us/bill_Status/bill_docket.aspx?lsr=0244&sy=2021&txtsessionyear=2021&sortoption=,http://gencourt.state.nh.us/bill_Status/bill_status.aspx?lsr=0244&sy=2021&txtsessionyear=2021&sortoption=,http://gencourt.state.nh.us/bill_Status/billText.aspx?sy=2021&id=244&txtFormat=html,http://gencourt.state.nh.us/bill_Status/billText.aspx?sy=2021&id=244&txtFormat=pdf&v=current,,HOUSE,,,HouseExecutive Departments and Administration,Time not specified
"HB209

									-FN",http://gencourt.state.nh.us/bill_Status/bill_docket.aspx?lsr=0293&sy=2021&txtsessionyear=2021&sortoption=,http://gencourt.state.nh.us/bill_Status/bill_status.aspx?lsr=0293&sy=2021&txtsessionyear=2021&sortoption=,http://gencourt.state.nh.us/bill_Status/billText.aspx?sy=2021&id=298&txtFormat=html,http://gencourt.state.nh.us/bill_Status/billText.aspx?sy=2021&id=298&txtFormat=pdf&v=current,,HOUSE,,,HouseExecutive Departments and Administration,Time not specified
"HB210

									-FN",http://gencourt.state.nh.us/bill_Status/bill_docket.aspx?lsr=0382&sy=2021&txtsessionyear=2021&sortoption=,http://gencourt.state.nh.us/bill_Status/bill_status.aspx?lsr=0382&sy=2021&txtsessionyear=2021&sortoption=,http://gencourt.state.nh.us/bill_Status/billText.aspx?sy=2021&id=379&txtFormat=html,http://gencourt.state.nh.us/bill_Status/billText.aspx?sy=2021&id=379&txtFormat=pdf&v=current,,HOUSE,,,HouseWays and Means,Time not specified
"HB211

									-FN",http://gencourt.state.nh.us/bill_Status/bill_docket.aspx?lsr=0387&sy=2021&txtsessionyear=2021&sortoption=,http://gencourt.state.nh.us/bill_Status/bill_status.aspx?lsr=0387&sy=2021&txtsessionyear=2021&sortoption=,http://gencourt.state.nh.us/bill_Status/billText.aspx?sy=2021&id=390&txtFormat=html,http://gencourt.state.nh.us/bill_Status/billText.aspx?sy=2021&id=390&txtFormat=pdf&v=current,,HOUSE,,,HouseExecutive Departments and Administration,Time not specified
HB212,http://gencourt.state.nh.us/bill_Status/bill_docket.aspx?lsr=0347&sy=2021&txtsessionyear=2021&sortoption=,http://gencourt.state.nh.us/bill_Status/bill_status.aspx?lsr=0347&sy=2021&txtsessionyear=2021&sortoption=,http://gencourt.state.nh.us/bill_Status/billText.aspx?sy=2021&id=338&txtFormat=html,http://gencourt.state.nh.us/bill_Status/billText.aspx?sy=2021&id=338&txtFormat=pdf&v=current,,HOUSE,,,HouseJudiciary,Time not specified
HB213,http://gencourt.state.nh.us/bill_Status/bill_docket.aspx?lsr=0393&sy=2021&txtsessionyear=2021&sortoption=,http://gencourt.state.nh.us/bill_Status/bill_status.aspx?lsr=0393&sy=2021&txtsessionyear=2021&sortoption=,http://gencourt.state.nh.us/bill_Status/billText.aspx?sy=2021&id=384&txtFormat=html,http://gencourt.state.nh.us/bill_Status/billText.aspx?sy=2021&id=384&txtFormat=pdf&v=current,,HOUSE,,,"HouseScience, Technology and Energy",Time not specified
HB214,http://gencourt.state.nh.us/bill_Status/bill_docket.aspx?lsr=0268&sy=2021&txtsessionyear=2021&sortoption=,http://gencourt.state.nh.us/bill_Status/bill_status.aspx?lsr=0268&sy=2021&txtsessionyear=2021&sortoption=,http://gencourt.state.nh.us/bill_Status/billText.aspx?sy=2021&id=263&txtFormat=html,http://gencourt.state.nh.us/bill_Status/billText.aspx?sy=2021&id=263&txtFormat=pdf&v=current,,HOUSE,,,HouseEducation,Time not specified
HB215,http://gencourt.state.nh.us/bill_Status/bill_docket.aspx?lsr=0267&sy=2021&txtsessionyear=2021&sortoption=,http://gencourt.state.nh.us/bill_Status/bill_status.aspx?lsr=0267&sy=2021&txtsessionyear=2021&sortoption=,http://gencourt.state.nh.us/bill_Status/billText.aspx?sy=2021&id=264&txtFormat=html,http://gencourt.state.nh.us/bill_Status/billText.aspx?sy=2021&id=264&txtFormat=pdf&v=current,,HOUSE,,,HouseEducation,Time not specified
HB216,http://gencourt.state.nh.us/bill_Status/bill_docket.aspx?lsr=0360&sy=2021&txtsessionyear=2021&sortoption=,http://gencourt.state.nh.us/bill_Status/bill_status.aspx?lsr=0360&sy=2021&txtsessionyear=2021&sortoption=,http://gencourt.state.nh.us/bill_Status/billText.aspx?sy=2021&id=356&txtFormat=html,http://gencourt.state.nh.us/bill_Status/billText.aspx?sy=2021&id=356&txtFormat=pdf&v=current,,HOUSE,,,HouseJudiciary,Time not specified
HB217,http://gencourt.state.nh.us/bill_Status/bill_docket.aspx?lsr=0245&sy=2021&txtsessionyear=2021&sortoption=,http://gencourt.state.nh.us/bill_Status/bill_status.aspx?lsr=0245&sy=2021&txtsessionyear=2021&sortoption=,http://gencourt.state.nh.us/bill_Status/billText.aspx?sy=2021&id=243&txtFormat=html,http://gencourt.state.nh.us/bill_Status/billText.aspx?sy=2021&id=243&txtFormat=pdf&v=current,,HOUSE,,,HouseExecutive Departments and Administration,Time not specified
HB218,http://gencourt.state.nh.us/bill_Status/bill_docket.aspx?lsr=0246&sy=2021&txtsessionyear=2021&sortoption=,http://gencourt.state.nh.us/bill_Status/bill_status.aspx?lsr=0246&sy=2021&txtsessionyear=2021&sortoption=,http://gencourt.state.nh.us/bill_Status/billText.aspx?sy=2021&id=242&txtFormat=html,http://gencourt.state.nh.us/bill_Status/billText.aspx?sy=2021&id=242&txtFormat=pdf&v=current,,HOUSE,,,HouseExecutive Departments and Administration,Time not specified
HB219,http://gencourt.state.nh.us/bill_Status/bill_docket.aspx?lsr=0247&sy=2021&txtsessionyear=2021&sortoption=,http://gencourt.state.nh.us/bill_Status/bill_status.aspx?lsr=0247&sy=2021&txtsessionyear=2021&sortoption=,http://gencourt.state.nh.us/bill_Status/billText.aspx?sy=2021&id=241&txtFormat=html,http://gencourt.state.nh.us/bill_Status/billText.aspx?sy=2021&id=241&txtFormat=pdf&v=current,,HOUSE,,,HouseExecutive Departments and Administration,Time not specified
HB220,http://gencourt.state.nh.us/bill_Status/bill_docket.aspx?lsr=0206&sy=2021&txtsessionyear=2021&sortoption=,http://gencourt.state.nh.us/bill_Status/bill_status.aspx?lsr=0206&sy=2021&txtsessionyear=2021&sortoption=,http://gencourt.state.nh.us/bill_Status/billText.aspx?sy=2021&id=202&txtFormat=html,http://gencourt.state.nh.us/bill_Status/billText.aspx?sy=2021&id=202&txtFormat=pdf&v=current,,HOUSE,,,"HouseHealth, Human Services and Elderly Affairs",Time not specified
HB221,http://gencourt.state.nh.us/bill_Status/bill_docket.aspx?lsr=0205&sy=2021&txtsessionyear=2021&sortoption=,http://gencourt.state.nh.us/bill_Status/bill_status.aspx?lsr=0205&sy=2021&txtsessionyear=2021&sortoption=,http://gencourt.state.nh.us/bill_Status/billText.aspx?sy=2021&id=203&txtFormat=html,http://gencourt.state.nh.us/bill_Status/billText.aspx?sy=2021&id=203&txtFormat=pdf&v=current,,HOUSE,,,"HouseHealth, Human Services and Elderly Affairs",Time not specified
"HB222

									-FN",http://gencourt.state.nh.us/bill_Status/bill_docket.aspx?lsr=0260&sy=2021&txtsessionyear=2021&sortoption=,http://gencourt.state.nh.us/bill_Status/bill_status.aspx?lsr=0260&sy=2021&txtsessionyear=2021&sortoption=,http://gencourt.state.nh.us/bill_Status/billText.aspx?sy=2021&id=247&txtFormat=html,http://gencourt.state.nh.us/bill_Status/billText.aspx?sy=2021&id=247&txtFormat=pdf&v=current,,HOUSE,,,HouseTransportation,Time not specified
HB223,http://gencourt.state.nh.us/bill_Status/bill_docket.aspx?lsr=0231&sy=2021&txtsessionyear=2021&sortoption=,http://gencourt.state.nh.us/bill_Status/bill_status.aspx?lsr=0231&sy=2021&txtsessionyear=2021&sortoption=,http://gencourt.state.nh.us/bill_Status/billText.aspx?sy=2021&id=226&txtFormat=html,http://gencourt.state.nh.us/bill_Status/billText.aspx?sy=2021&id=226&txtFormat=pdf&v=current,,HOUSE,,,HouseElection Law,Time not specified
HB224,http://gencourt.state.nh.us/bill_Status/bill_docket.aspx?lsr=0230&sy=2021&txtsessionyear=2021&sortoption=,http://gencourt.state.nh.us/bill_Status/bill_status.aspx?lsr=0230&sy=2021&txtsessionyear=2021&sortoption=,http://gencourt.state.nh.us/bill_Status/billText.aspx?sy=2021&id=227&txtFormat=html,http://gencourt.state.nh.us/bill_Status/billText.aspx?sy=2021&id=227&txtFormat=pdf&v=current,,HOUSE,,,HouseTransportation,Time not specified
HB225,http://gencourt.state.nh.us/bill_Status/bill_docket.aspx?lsr=0213&sy=2021&txtsessionyear=2021&sortoption=,http://gencourt.state.nh.us/bill_Status/bill_status.aspx?lsr=0213&sy=2021&txtsessionyear=2021&sortoption=,http://gencourt.state.nh.us/bill_Status/billText.aspx?sy=2021&id=220&txtFormat=html,http://gencourt.state.nh.us/bill_Status/billText.aspx?sy=2021&id=220&txtFormat=pdf&v=current,,HOUSE,,,"HouseScience, Technology and Energy",Time not specified
HB226,http://gencourt.state.nh.us/bill_Status/bill_docket.aspx?lsr=0296&sy=2021&txtsessionyear=2021&sortoption=,http://gencourt.state.nh.us/bill_Status/bill_status.aspx?lsr=0296&sy=2021&txtsessionyear=2021&sortoption=,http://gencourt.state.nh.us/bill_Status/billText.aspx?sy=2021&id=295&txtFormat=html,http://gencourt.state.nh.us/bill_Status/billText.aspx?sy=2021&id=295&txtFormat=pdf&v=current,,HOUSE,,,HouseEnvironment and Agriculture,Time not specified
HB227,http://gencourt.state.nh.us/bill_Status/bill_docket.aspx?lsr=0301&sy=2021&txtsessionyear=2021&sortoption=,http://gencourt.state.nh.us/bill_Status/bill_status.aspx?lsr=0301&sy=2021&txtsessionyear=2021&sortoption=,http://gencourt.state.nh.us/bill_Status/billText.aspx?sy=2021&id=290&txtFormat=html,http://gencourt.state.nh.us/bill_Status/billText.aspx?sy=2021&id=290&txtFormat=pdf&v=current,,HOUSE,,,HouseJudiciary,Time not specified
HB228,http://gencourt.state.nh.us/bill_Status/bill_docket.aspx?lsr=0236&sy=2021&txtsessionyear=2021&sortoption=,http://gencourt.state.nh.us/bill_Status/bill_status.aspx?lsr=0236&sy=2021&txtsessionyear=2021&sortoption=,http://gencourt.state.nh.us/bill_Status/billText.aspx?sy=2021&id=239&txtFormat=html,http://gencourt.state.nh.us/bill_Status/billText.aspx?sy=2021&id=239&txtFormat=pdf&v=current,,HOUSE,,,HouseChildren and Family Law,Time not specified
HB229,http://gencourt.state.nh.us/bill_Status/bill_docket.aspx?lsr=0264&sy=2021&txtsessionyear=2021&sortoption=,http://gencourt.state.nh.us/bill_Status/bill_status.aspx?lsr=0264&sy=2021&txtsessionyear=2021&sortoption=,http://gencourt.state.nh.us/bill_Status/billText.aspx?sy=2021&id=267&txtFormat=html,http://gencourt.state.nh.us/bill_Status/billText.aspx?sy=2021&id=267&txtFormat=pdf&v=current,,HOUSE,,,"HouseResources, Recreation and Development",Time not specified
HR1,http://gencourt.state.nh.us/bill_Status/bill_docket.aspx?lsr=0847&sy=2021&txtsessionyear=2021&sortoption=,http://gencourt.state.nh.us/bill_Status/bill_status.aspx?lsr=0847&sy=2021&txtsessionyear=2021&sortoption=,http://gencourt.state.nh.us/bill_Status/billText.aspx?sy=2021&id=838&txtFormat=html,http://gencourt.state.nh.us/bill_Status/billText.aspx?sy=2021&id=838&txtFormat=pdf&v=current,,HOUSE,PASSED/ADOPTED WITH AMENDMENT,,,Time not specified
HR2,http://gencourt.state.nh.us/bill_Status/bill_docket.aspx?lsr=0848&sy=2021&txtsessionyear=2021&sortoption=,http://gencourt.state.nh.us/bill_Status/bill_status.aspx?lsr=0848&sy=2021&txtsessionyear=2021&sortoption=,http://gencourt.state.nh.us/bill_Status/billText.aspx?sy=2021&id=839&txtFormat=html,http://gencourt.state.nh.us/bill_Status/billText.aspx?sy=2021&id=839&txtFormat=pdf&v=current,,HOUSE,PASSED/ADOPTED,,,Time not specified
HR3,http://gencourt.state.nh.us/bill_Status/bill_docket.aspx?lsr=0849&sy=2021&txtsessionyear=2021&sortoption=,http://gencourt.state.nh.us/bill_Status/bill_status.aspx?lsr=0849&sy=2021&txtsessionyear=2021&sortoption=,http://gencourt.state.nh.us/bill_Status/billText.aspx?sy=2021&id=840&txtFormat=html,http://gencourt.state.nh.us/bill_Status/billText.aspx?sy=2021&id=840&txtFormat=pdf&v=current,,HOUSE,PASSED/ADOPTED,,,Time not specified
HR4,http://gencourt.state.nh.us/bill_Status/bill_docket.aspx?lsr=0850&sy=2021&txtsessionyear=2021&sortoption=,http://gencourt.state.nh.us/bill_Status/bill_status.aspx?lsr=0850&sy=2021&txtsessionyear=2021&sortoption=,http://gencourt.state.nh.us/bill_Status/billText.aspx?sy=2021&id=841&txtFormat=html,http://gencourt.state.nh.us/bill_Status/billText.aspx?sy=2021&id=841&txtFormat=pdf&v=current,,HOUSE,PASSED/ADOPTED,,,Time not specified
HR5,http://gencourt.state.nh.us/bill_Status/bill_docket.aspx?lsr=0851&sy=2021&txtsessionyear=2021&sortoption=,http://gencourt.state.nh.us/bill_Status/bill_status.aspx?lsr=0851&sy=2021&txtsessionyear=2021&sortoption=,http://gencourt.state.nh.us/bill_Status/billText.aspx?sy=2021&id=842&txtFormat=html,http://gencourt.state.nh.us/bill_Status/billText.aspx?sy=2021&id=842&txtFormat=pdf&v=current,,HOUSE,PASSED/ADOPTED,,,Time not specified
HR6,http://gencourt.state.nh.us/bill_Status/bill_docket.aspx?lsr=1064&sy=2021&txtsessionyear=2021&sortoption=,http://gencourt.state.nh.us/bill_Status/bill_status.aspx?lsr=1064&sy=2021&txtsessionyear=2021&sortoption=,http://gencourt.state.nh.us/bill_Status/billText.aspx?sy=2021&id=1055&txtFormat=html,http://gencourt.state.nh.us/bill_Status/billText.aspx?sy=2021&id=1055&txtFormat=pdf&v=current,,HOUSE,PASSED/ADOPTED,,,Time not specified
HR7,http://gencourt.state.nh.us/bill_Status/bill_docket.aspx?lsr=0100&sy=2021&txtsessionyear=2021&sortoption=,http://gencourt.state.nh.us/bill_Status/bill_status.aspx?lsr=0100&sy=2021&txtsessionyear=2021&sortoption=,http://gencourt.state.nh.us/bill_Status/billText.aspx?sy=2021&id=101&txtFormat=html,http://gencourt.state.nh.us/bill_Status/billText.aspx?sy=2021&id=101&txtFormat=pdf&v=current,,HOUSE,,,HouseState-Federal Relations and Veterans Affairs,Time not specified
SB2,http://gencourt.state.nh.us/bill_Status/bill_docket.aspx?lsr=1005&sy=2021&txtsessionyear=2021&sortoption=,http://gencourt.state.nh.us/bill_Status/bill_status.aspx?lsr=1005&sy=2021&txtsessionyear=2021&sortoption=,http://gencourt.state.nh.us/bill_Status/billText.aspx?sy=2021&id=996&txtFormat=html,http://gencourt.state.nh.us/bill_Status/billText.aspx?sy=2021&id=996&txtFormat=pdf&v=current,,SENATE,,PASSED/ADOPTED WITH AMENDMENT,Senate No Committee Assignment,Time not specified
SB14,http://gencourt.state.nh.us/bill_Status/bill_docket.aspx?lsr=0607&sy=2021&txtsessionyear=2021&sortoption=,http://gencourt.state.nh.us/bill_Status/bill_status.aspx?lsr=0607&sy=2021&txtsessionyear=2021&sortoption=,http://gencourt.state.nh.us/bill_Status/billText.aspx?sy=2021&id=634&txtFormat=html,http://gencourt.state.nh.us/bill_Status/billText.aspx?sy=2021&id=634&txtFormat=pdf&v=current,,SENATE,,IN COMMITTEE,Senate Commerce,"01/11/2021 at 01:00 PM

											

											REMOTE Room 000"
SB15,http://gencourt.state.nh.us/bill_Status/bill_docket.aspx?lsr=1061&sy=2021&txtsessionyear=2021&sortoption=,http://gencourt.state.nh.us/bill_Status/bill_status.aspx?lsr=1061&sy=2021&txtsessionyear=2021&sortoption=,http://gencourt.state.nh.us/bill_Status/billText.aspx?sy=2021&id=1052&txtFormat=html,http://gencourt.state.nh.us/bill_Status/billText.aspx?sy=2021&id=1052&txtFormat=pdf&v=current,,SENATE,,IN COMMITTEE,Senate Executive Departments and Administration,"01/13/2021 at 09:00 AM

											

											REMOTE Room 000"
SB16,http://gencourt.state.nh.us/bill_Status/bill_docket.aspx?lsr=0963&sy=2021&txtsessionyear=2021&sortoption=,http://gencourt.state.nh.us/bill_Status/bill_status.aspx?lsr=0963&sy=2021&txtsessionyear=2021&sortoption=,http://gencourt.state.nh.us/bill_Status/billText.aspx?sy=2021&id=954&txtFormat=html,http://gencourt.state.nh.us/bill_Status/billText.aspx?sy=2021&id=954&txtFormat=pdf&v=current,,SENATE,,IN COMMITTEE,Senate Judiciary,"01/12/2021 at 01:00 PM

											

											REMOTE Room 000"
SB17,http://gencourt.state.nh.us/bill_Status/bill_docket.aspx?lsr=0327&sy=2021&txtsessionyear=2021&sortoption=,http://gencourt.state.nh.us/bill_Status/bill_status.aspx?lsr=0327&sy=2021&txtsessionyear=2021&sortoption=,http://gencourt.state.nh.us/bill_Status/billText.aspx?sy=2021&id=325&txtFormat=html,http://gencourt.state.nh.us/bill_Status/billText.aspx?sy=2021&id=325&txtFormat=pdf&v=current,,SENATE,,IN COMMITTEE,Senate Commerce,"01/11/2021 at 01:10 PM

											

											REMOTE Room 000"
SB18,http://gencourt.state.nh.us/bill_Status/bill_docket.aspx?lsr=0328&sy=2021&txtsessionyear=2021&sortoption=,http://gencourt.state.nh.us/bill_Status/bill_status.aspx?lsr=0328&sy=2021&txtsessionyear=2021&sortoption=,http://gencourt.state.nh.us/bill_Status/billText.aspx?sy=2021&id=324&txtFormat=html,http://gencourt.state.nh.us/bill_Status/billText.aspx?sy=2021&id=324&txtFormat=pdf&v=current,,SENATE,,IN COMMITTEE,Senate Commerce,"01/11/2021 at 01:25 PM

											

											REMOTE Room 000"
SB19,http://gencourt.state.nh.us/bill_Status/bill_docket.aspx?lsr=0419&sy=2021&txtsessionyear=2021&sortoption=,http://gencourt.state.nh.us/bill_Status/bill_status.aspx?lsr=0419&sy=2021&txtsessionyear=2021&sortoption=,http://gencourt.state.nh.us/bill_Status/billText.aspx?sy=2021&id=420&txtFormat=html,http://gencourt.state.nh.us/bill_Status/billText.aspx?sy=2021&id=420&txtFormat=pdf&v=current,,SENATE,,IN COMMITTEE,Senate Education,"01/12/2021 at 09:30 AM

											

											REMOTE Room 000"
SB20,http://gencourt.state.nh.us/bill_Status/bill_docket.aspx?lsr=0871&sy=2021&txtsessionyear=2021&sortoption=,http://gencourt.state.nh.us/bill_Status/bill_status.aspx?lsr=0871&sy=2021&txtsessionyear=2021&sortoption=,http://gencourt.state.nh.us/bill_Status/billText.aspx?sy=2021&id=862&txtFormat=html,http://gencourt.state.nh.us/bill_Status/billText.aspx?sy=2021&id=862&txtFormat=pdf&v=current,,SENATE,,IN COMMITTEE,Senate Education,"01/12/2021 at 09:45 AM

											

											REMOTE Room 000"
SB21,http://gencourt.state.nh.us/bill_Status/bill_docket.aspx?lsr=0641&sy=2021&txtsessionyear=2021&sortoption=,http://gencourt.state.nh.us/bill_Status/bill_status.aspx?lsr=0641&sy=2021&txtsessionyear=2021&sortoption=,http://gencourt.state.nh.us/bill_Status/billText.aspx?sy=2021&id=600&txtFormat=html,http://gencourt.state.nh.us/bill_Status/billText.aspx?sy=2021&id=600&txtFormat=pdf&v=current,,SENATE,,IN COMMITTEE,Senate Executive Departments and Administration,"01/13/2021 at 09:15 AM

											

											REMOTE Room 000"
"SB22

									-FN",http://gencourt.state.nh.us/bill_Status/bill_docket.aspx?lsr=0843&sy=2021&txtsessionyear=2021&sortoption=,http://gencourt.state.nh.us/bill_Status/bill_status.aspx?lsr=0843&sy=2021&txtsessionyear=2021&sortoption=,http://gencourt.state.nh.us/bill_Status/billText.aspx?sy=2021&id=834&txtFormat=html,http://gencourt.state.nh.us/bill_Status/billText.aspx?sy=2021&id=834&txtFormat=pdf&v=current,,SENATE,,IN COMMITTEE,Senate Ways and Means,"01/13/2021 at 01:30 PM

											

											REMOTE Room 000"
SB23,http://gencourt.state.nh.us/bill_Status/bill_docket.aspx?lsr=0611&sy=2021&txtsessionyear=2021&sortoption=,http://gencourt.state.nh.us/bill_Status/bill_status.aspx?lsr=0611&sy=2021&txtsessionyear=2021&sortoption=,http://gencourt.state.nh.us/bill_Status/billText.aspx?sy=2021&id=630&txtFormat=html,http://gencourt.state.nh.us/bill_Status/billText.aspx?sy=2021&id=630&txtFormat=pdf&v=current,,SENATE,,IN COMMITTEE,Senate Ways and Means,"01/13/2021 at 01:15 PM

											

											REMOTE Room 000"
SB24,http://gencourt.state.nh.us/bill_Status/bill_docket.aspx?lsr=0443&sy=2021&txtsessionyear=2021&sortoption=,http://gencourt.state.nh.us/bill_Status/bill_status.aspx?lsr=0443&sy=2021&txtsessionyear=2021&sortoption=,http://gencourt.state.nh.us/bill_Status/billText.aspx?sy=2021&id=426&txtFormat=html,http://gencourt.state.nh.us/bill_Status/billText.aspx?sy=2021&id=426&txtFormat=pdf&v=current,,SENATE,,IN COMMITTEE,Senate Education,"01/12/2021 at 09:00 AM

											

											REMOTE Room 000"
SB25,http://gencourt.state.nh.us/bill_Status/bill_docket.aspx?lsr=0820&sy=2021&txtsessionyear=2021&sortoption=,http://gencourt.state.nh.us/bill_Status/bill_status.aspx?lsr=0820&sy=2021&txtsessionyear=2021&sortoption=,http://gencourt.state.nh.us/bill_Status/billText.aspx?sy=2021&id=811&txtFormat=html,http://gencourt.state.nh.us/bill_Status/billText.aspx?sy=2021&id=811&txtFormat=pdf&v=current,,SENATE,,IN COMMITTEE,Senate Ways and Means,"01/13/2021 at 01:00 PM

											

											REMOTE Room 000"
SB26,http://gencourt.state.nh.us/bill_Status/bill_docket.aspx?lsr=0527&sy=2021&txtsessionyear=2021&sortoption=,http://gencourt.state.nh.us/bill_Status/bill_status.aspx?lsr=0527&sy=2021&txtsessionyear=2021&sortoption=,http://gencourt.state.nh.us/bill_Status/billText.aspx?sy=2021&id=533&txtFormat=html,http://gencourt.state.nh.us/bill_Status/billText.aspx?sy=2021&id=533&txtFormat=pdf&v=current,,SENATE,,IN COMMITTEE,Senate Executive Departments and Administration,"01/13/2021 at 09:30 AM

											

											REMOTE Room 000"
SB27,http://gencourt.state.nh.us/bill_Status/bill_docket.aspx?lsr=0827&sy=2021&txtsessionyear=2021&sortoption=,http://gencourt.state.nh.us/bill_Status/bill_status.aspx?lsr=0827&sy=2021&txtsessionyear=2021&sortoption=,http://gencourt.state.nh.us/bill_Status/billText.aspx?sy=2021&id=822&txtFormat=html,http://gencourt.state.nh.us/bill_Status/billText.aspx?sy=2021&id=822&txtFormat=pdf&v=current,,SENATE,,IN COMMITTEE,Senate Ways and Means,"01/13/2021 at 01:45 PM

											

											REMOTE Room 000"
SB28,http://gencourt.state.nh.us/bill_Status/bill_docket.aspx?lsr=0984&sy=2021&txtsessionyear=2021&sortoption=,http://gencourt.state.nh.us/bill_Status/bill_status.aspx?lsr=0984&sy=2021&txtsessionyear=2021&sortoption=,http://gencourt.state.nh.us/bill_Status/billText.aspx?sy=2021&id=975&txtFormat=html,http://gencourt.state.nh.us/bill_Status/billText.aspx?sy=2021&id=975&txtFormat=pdf&v=current,,SENATE,,IN COMMITTEE,Senate Judiciary,"01/12/2021 at 01:15 PM

											

											REMOTE Room 000"
SR1,http://gencourt.state.nh.us/bill_Status/bill_docket.aspx?lsr=0573&sy=2021&txtsessionyear=2021&sortoption=,http://gencourt.state.nh.us/bill_Status/bill_status.aspx?lsr=0573&sy=2021&txtsessionyear=2021&sortoption=,http://gencourt.state.nh.us/bill_Status/billText.aspx?sy=2021&id=566&txtFormat=html,http://gencourt.state.nh.us/bill_Status/billText.aspx?sy=2021&id=566&txtFormat=pdf&v=current,,PASSED,,PASSED/ADOPTED,,Time not specified
SR2,http://gencourt.state.nh.us/bill_Status/bill_docket.aspx?lsr=0574&sy=2021&txtsessionyear=2021&sortoption=,http://gencourt.state.nh.us/bill_Status/bill_status.aspx?lsr=0574&sy=2021&txtsessionyear=2021&sortoption=,http://gencourt.state.nh.us/bill_Status/billText.aspx?sy=2021&id=565&txtFormat=html,http://gencourt.state.nh.us/bill_Status/billText.aspx?sy=2021&id=565&txtFormat=pdf&v=current,,PASSED,,PASSED/ADOPTED,,Time not specified
SR3,http://gencourt.state.nh.us/bill_Status/bill_docket.aspx?lsr=0575&sy=2021&txtsessionyear=2021&sortoption=,http://gencourt.state.nh.us/bill_Status/bill_status.aspx?lsr=0575&sy=2021&txtsessionyear=2021&sortoption=,http://gencourt.state.nh.us/bill_Status/billText.aspx?sy=2021&id=567&txtFormat=html,http://gencourt.state.nh.us/bill_Status/billText.aspx?sy=2021&id=567&txtFormat=pdf&v=current,,PASSED,,PASSED/ADOPTED,,Time not specified
SR4,http://gencourt.state.nh.us/bill_Status/bill_docket.aspx?lsr=0576&sy=2021&txtsessionyear=2021&sortoption=,http://gencourt.state.nh.us/bill_Status/bill_status.aspx?lsr=0576&sy=2021&txtsessionyear=2021&sortoption=,http://gencourt.state.nh.us/bill_Status/billText.aspx?sy=2021&id=568&txtFormat=html,http://gencourt.state.nh.us/bill_Status/billText.aspx?sy=2021&id=568&txtFormat=pdf&v=current,,PASSED,,PASSED/ADOPTED,,Time not specified
SR5,http://gencourt.state.nh.us/bill_Status/bill_docket.aspx?lsr=0577&sy=2021&txtsessionyear=2021&sortoption=,http://gencourt.state.nh.us/bill_Status/bill_status.aspx?lsr=0577&sy=2021&txtsessionyear=2021&sortoption=,http://gencourt.state.nh.us/bill_Status/billText.aspx?sy=2021&id=569&txtFormat=html,http://gencourt.state.nh.us/bill_Status/billText.aspx?sy=2021&id=569&txtFormat=pdf&v=current,,PASSED,,PASSED/ADOPTED,,Time not specified
SR6,http://gencourt.state.nh.us/bill_Status/bill_docket.aspx?lsr=0578&sy=2021&txtsessionyear=2021&sortoption=,http://gencourt.state.nh.us/bill_Status/bill_status.aspx?lsr=0578&sy=2021&txtsessionyear=2021&sortoption=,http://gencourt.state.nh.us/bill_Status/billText.aspx?sy=2021&id=570&txtFormat=html,http://gencourt.state.nh.us/bill_Status/billText.aspx?sy=2021&id=570&txtFormat=pdf&v=current,,PASSED,,PASSED/ADOPTED,,Time not specified
SR7,http://gencourt.state.nh.us/bill_Status/bill_docket.aspx?lsr=0579&sy=2021&txtsessionyear=2021&sortoption=,http://gencourt.state.nh.us/bill_Status/bill_status.aspx?lsr=0579&sy=2021&txtsessionyear=2021&sortoption=,http://gencourt.state.nh.us/bill_Status/billText.aspx?sy=2021&id=571&txtFormat=html,http://gencourt.state.nh.us/bill_Status/billText.aspx?sy=2021&id=571&txtFormat=pdf&v=current,,PASSED,,PASSED/ADOPTED,,Time not specified
